state,year,state_population
ALABAMA,2001.0,4468912.0
ALABAMA,2002.0,4478896.0
ALABAMA,2003.0,4503726.0
ALABAMA,2004.0,4525375.0
ALABAMA,2005.0,4548327.0
ALABAMA,2006.0,4599030.0
ALABAMA,2007.0,4627851.0
ALABAMA,2008.0,4661900.0
ALABAMA,2009.0,4708708.0
ALABAMA,2010.0,4785401.0
ALABAMA,2011.0,4803689.0
ALABAMA,2012.0,4817528.0
ALABAMA,2013.0,4833996.0
ALABAMA,2014.0,4849377.0
ALABAMA,2015.0,4858979.0
ALABAMA,2016.0,4860545.0
ALABAMA,2017.0,4874747.0
ALABAMA,2018.0,4888949.0
ALASKA,2001.0,633630.0
ALASKA,2002.0,641482.0
ALASKA,2003.0,648280.0
ALASKA,2004.0,657755.0
ALASKA,2005.0,663253.0
ALASKA,2006.0,670053.0
ALASKA,2007.0,683478.0
ALASKA,2008.0,686293.0
ALASKA,2009.0,698473.0
ALASKA,2010.0,714146.0
ALASKA,2011.0,723860.0
ALASKA,2012.0,730307.0
ALASKA,2013.0,737259.0
ALASKA,2014.0,736732.0
ALASKA,2015.0,738432.0
ALASKA,2016.0,741522.0
ALASKA,2017.0,739795.0
ALASKA,2018.0,738068.0
ARIZONA,2001.0,5306966.0
ARIZONA,2002.0,5441125.0
ARIZONA,2003.0,5579222.0
ARIZONA,2004.0,5739879.0
ARIZONA,2005.0,5953007.0
ARIZONA,2006.0,6166318.0
ARIZONA,2007.0,6338755.0
ARIZONA,2008.0,6500180.0
ARIZONA,2009.0,6595778.0
ARIZONA,2010.0,6413158.0
ARIZONA,2011.0,6467315.0
ARIZONA,2012.0,6551149.0
ARIZONA,2013.0,6634997.0
ARIZONA,2014.0,6731484.0
ARIZONA,2015.0,6828065.0
ARIZONA,2016.0,6908642.0
ARIZONA,2017.0,7016270.0
ARIZONA,2018.0,7123898.0
ARKANSAS,2001.0,2694698.0
ARKANSAS,2002.0,2706268.0
ARKANSAS,2003.0,2727774.0
ARKANSAS,2004.0,2750000.0
ARKANSAS,2005.0,2775708.0
ARKANSAS,2006.0,2810872.0
ARKANSAS,2007.0,2834797.0
ARKANSAS,2008.0,2855390.0
ARKANSAS,2009.0,2889450.0
ARKANSAS,2010.0,2921588.0
ARKANSAS,2011.0,2938582.0
ARKANSAS,2012.0,2949828.0
ARKANSAS,2013.0,2958765.0
ARKANSAS,2014.0,2966369.0
ARKANSAS,2015.0,2978204.0
ARKANSAS,2016.0,2988231.0
ARKANSAS,2017.0,3004279.0
ARKANSAS,2018.0,3020327.0
CALIFORNIA,2001.0,34600463.0
CALIFORNIA,2002.0,35001986.0
CALIFORNIA,2003.0,35462712.0
CALIFORNIA,2004.0,35842038.0
CALIFORNIA,2005.0,36154147.0
CALIFORNIA,2006.0,36457549.0
CALIFORNIA,2007.0,36553215.0
CALIFORNIA,2008.0,36756666.0
CALIFORNIA,2009.0,36961664.0
CALIFORNIA,2010.0,37338198.0
CALIFORNIA,2011.0,37683933.0
CALIFORNIA,2012.0,37999878.0
CALIFORNIA,2013.0,38431393.0
CALIFORNIA,2014.0,38802500.0
CALIFORNIA,2015.0,39144818.0
CALIFORNIA,2016.0,39296476.0
CALIFORNIA,2017.0,39536653.0
CALIFORNIA,2018.0,39776830.0
COLORADO,2001.0,4430989.0
COLORADO,2002.0,4501051.0
COLORADO,2003.0,4547633.0
COLORADO,2004.0,4601821.0
COLORADO,2005.0,4663295.0
COLORADO,2006.0,4753377.0
COLORADO,2007.0,4861515.0
COLORADO,2008.0,4939456.0
COLORADO,2009.0,5024748.0
COLORADO,2010.0,5047692.0
COLORADO,2011.0,5116302.0
COLORADO,2012.0,5189458.0
COLORADO,2013.0,5272086.0
COLORADO,2014.0,5355866.0
COLORADO,2015.0,5456574.0
COLORADO,2016.0,5530105.0
COLORADO,2017.0,5607154.0
COLORADO,2018.0,5684203.0
CONNECTICUT,2001.0,3434602.0
CONNECTICUT,2002.0,3458587.0
CONNECTICUT,2003.0,3486960.0
CONNECTICUT,2004.0,3498966.0
CONNECTICUT,2005.0,3500701.0
CONNECTICUT,2006.0,3504809.0
CONNECTICUT,2007.0,3502309.0
CONNECTICUT,2008.0,3501252.0
CONNECTICUT,2009.0,3518288.0
CONNECTICUT,2010.0,3575498.0
CONNECTICUT,2011.0,3586717.0
CONNECTICUT,2012.0,3591765.0
CONNECTICUT,2013.0,3599341.0
CONNECTICUT,2014.0,3596677.0
CONNECTICUT,2015.0,3590886.0
CONNECTICUT,2016.0,3587685.0
CONNECTICUT,2017.0,3588184.0
CONNECTICUT,2018.0,3588683.0
DELAWARE,2001.0,796599.0
DELAWARE,2002.0,805945.0
DELAWARE,2003.0,818166.0
DELAWARE,2004.0,830069.0
DELAWARE,2005.0,841741.0
DELAWARE,2006.0,853476.0
DELAWARE,2007.0,864764.0
DELAWARE,2008.0,873092.0
DELAWARE,2009.0,885122.0
DELAWARE,2010.0,899792.0
DELAWARE,2011.0,908137.0
DELAWARE,2012.0,917053.0
DELAWARE,2013.0,925240.0
DELAWARE,2014.0,935614.0
DELAWARE,2015.0,945934.0
DELAWARE,2016.0,952698.0
DELAWARE,2017.0,961939.0
DELAWARE,2018.0,971180.0
FLORIDA,2001.0,16373330.0
FLORIDA,2002.0,16691701.0
FLORIDA,2003.0,16999181.0
FLORIDA,2004.0,17385430.0
FLORIDA,2005.0,17768191.0
FLORIDA,2006.0,18089888.0
FLORIDA,2007.0,18251243.0
FLORIDA,2008.0,18328340.0
FLORIDA,2009.0,18537969.0
FLORIDA,2010.0,18838613.0
FLORIDA,2011.0,19082262.0
FLORIDA,2012.0,19320749.0
FLORIDA,2013.0,19600311.0
FLORIDA,2014.0,19893297.0
FLORIDA,2015.0,20271272.0
FLORIDA,2016.0,20656589.0
FLORIDA,2017.0,20984400.0
FLORIDA,2018.0,21312211.0
GEORGIA,2001.0,8405677.0
GEORGIA,2002.0,8544005.0
GEORGIA,2003.0,8676460.0
GEORGIA,2004.0,8918129.0
GEORGIA,2005.0,9132553.0
GEORGIA,2006.0,9363941.0
GEORGIA,2007.0,9544750.0
GEORGIA,2008.0,9685744.0
GEORGIA,2009.0,9829211.0
GEORGIA,2010.0,9712157.0
GEORGIA,2011.0,9812460.0
GEORGIA,2012.0,9915646.0
GEORGIA,2013.0,9994759.0
GEORGIA,2014.0,10097343.0
GEORGIA,2015.0,10214860.0
GEORGIA,2016.0,10313620.0
GEORGIA,2017.0,10429379.0
GEORGIA,2018.0,10545138.0
HAWAII,2001.0,1227024.0
HAWAII,2002.0,1240663.0
HAWAII,2003.0,1248755.0
HAWAII,2004.0,1262124.0
HAWAII,2005.0,1273278.0
HAWAII,2006.0,1285498.0
HAWAII,2007.0,1283388.0
HAWAII,2008.0,1288198.0
HAWAII,2009.0,1295178.0
HAWAII,2010.0,1363359.0
HAWAII,2011.0,1378129.0
HAWAII,2012.0,1390090.0
HAWAII,2013.0,1408987.0
HAWAII,2014.0,1419561.0
HAWAII,2015.0,1431603.0
HAWAII,2016.0,1428683.0
HAWAII,2017.0,1427538.0
HAWAII,2018.0,1426393.0
IDAHO,2001.0,1320585.0
IDAHO,2002.0,1343124.0
IDAHO,2003.0,1367034.0
IDAHO,2004.0,1395140.0
IDAHO,2005.0,1429367.0
IDAHO,2006.0,1466465.0
IDAHO,2007.0,1499402.0
IDAHO,2008.0,1523816.0
IDAHO,2009.0,1545801.0
IDAHO,2010.0,1571102.0
IDAHO,2011.0,1583744.0
IDAHO,2012.0,1595590.0
IDAHO,2013.0,1612843.0
IDAHO,2014.0,1634464.0
IDAHO,2015.0,1654930.0
IDAHO,2016.0,1680026.0
IDAHO,2017.0,1716943.0
IDAHO,2018.0,1753860.0
ILLINOIS,2001.0,12520227.0
ILLINOIS,2002.0,12586447.0
ILLINOIS,2003.0,12649087.0
ILLINOIS,2004.0,12712016.0
ILLINOIS,2005.0,12765427.0
ILLINOIS,2006.0,12831970.0
ILLINOIS,2007.0,12852548.0
ILLINOIS,2008.0,12901563.0
ILLINOIS,2009.0,12910409.0
ILLINOIS,2010.0,12841980.0
ILLINOIS,2011.0,12859752.0
ILLINOIS,2012.0,12868192.0
ILLINOIS,2013.0,12890552.0
ILLINOIS,2014.0,12880580.0
ILLINOIS,2015.0,12859995.0
ILLINOIS,2016.0,12835726.0
ILLINOIS,2017.0,12802023.0
ILLINOIS,2018.0,12768320.0
INDIANA,2001.0,6126743.0
INDIANA,2002.0,6156913.0
INDIANA,2003.0,6199571.0
INDIANA,2004.0,6226537.0
INDIANA,2005.0,6266019.0
INDIANA,2006.0,6313520.0
INDIANA,2007.0,6345289.0
INDIANA,2008.0,6376792.0
INDIANA,2009.0,6423113.0
INDIANA,2010.0,6490622.0
INDIANA,2011.0,6516353.0
INDIANA,2012.0,6537782.0
INDIANA,2013.0,6570713.0
INDIANA,2014.0,6596855.0
INDIANA,2015.0,6619680.0
INDIANA,2016.0,6634007.0
INDIANA,2017.0,6666818.0
INDIANA,2018.0,6699629.0
IOWA,2001.0,2931967.0
IOWA,2002.0,2935840.0
IOWA,2003.0,2941976.0
IOWA,2004.0,2952904.0
IOWA,2005.0,2965524.0
IOWA,2006.0,2982085.0
IOWA,2007.0,2988046.0
IOWA,2008.0,3002555.0
IOWA,2009.0,3007856.0
IOWA,2010.0,3050202.0
IOWA,2011.0,3064097.0
IOWA,2012.0,3075039.0
IOWA,2013.0,3092341.0
IOWA,2014.0,3107126.0
IOWA,2015.0,3123899.0
IOWA,2016.0,3130869.0
IOWA,2017.0,3145711.0
IOWA,2018.0,3160553.0
KANSAS,2001.0,2702125.0
KANSAS,2002.0,2711769.0
KANSAS,2003.0,2724786.0
KANSAS,2004.0,2733697.0
KANSAS,2005.0,2748172.0
KANSAS,2006.0,2764075.0
KANSAS,2007.0,2775997.0
KANSAS,2008.0,2802134.0
KANSAS,2009.0,2818747.0
KANSAS,2010.0,2859143.0
KANSAS,2011.0,2870386.0
KANSAS,2012.0,2885398.0
KANSAS,2013.0,2895801.0
KANSAS,2014.0,2904021.0
KANSAS,2015.0,2911641.0
KANSAS,2016.0,2907731.0
KANSAS,2017.0,2913123.0
KANSAS,2018.0,2918515.0
KENTUCKY,2001.0,4068816.0
KENTUCKY,2002.0,4089822.0
KENTUCKY,2003.0,4118189.0
KENTUCKY,2004.0,4141835.0
KENTUCKY,2005.0,4172608.0
KENTUCKY,2006.0,4206074.0
KENTUCKY,2007.0,4241474.0
KENTUCKY,2008.0,4269245.0
KENTUCKY,2009.0,4314113.0
KENTUCKY,2010.0,4347223.0
KENTUCKY,2011.0,4366814.0
KENTUCKY,2012.0,4379730.0
KENTUCKY,2013.0,4399583.0
KENTUCKY,2014.0,4413457.0
KENTUCKY,2015.0,4425092.0
KENTUCKY,2016.0,4436113.0
KENTUCKY,2017.0,4454189.0
KENTUCKY,2018.0,4472265.0
LOUISIANA,2001.0,4470368.0
LOUISIANA,2002.0,4476192.0
LOUISIANA,2003.0,4493665.0
LOUISIANA,2004.0,4506685.0
LOUISIANA,2005.0,4507331.0
LOUISIANA,2006.0,4287768.0
LOUISIANA,2007.0,4293204.0
LOUISIANA,2008.0,4410796.0
LOUISIANA,2009.0,4492076.0
LOUISIANA,2010.0,4545343.0
LOUISIANA,2011.0,4574766.0
LOUISIANA,2012.0,4602134.0
LOUISIANA,2013.0,4629284.0
LOUISIANA,2014.0,4649676.0
LOUISIANA,2015.0,4670724.0
LOUISIANA,2016.0,4686157.0
LOUISIANA,2017.0,4684333.0
LOUISIANA,2018.0,4682509.0
MAINE,2001.0,1284470.0
MAINE,2002.0,1294894.0
MAINE,2003.0,1309205.0
MAINE,2004.0,1314985.0
MAINE,2005.0,1318220.0
MAINE,2006.0,1321574.0
MAINE,2007.0,1317207.0
MAINE,2008.0,1316456.0
MAINE,2009.0,1318301.0
MAINE,2010.0,1327379.0
MAINE,2011.0,1328544.0
MAINE,2012.0,1328501.0
MAINE,2013.0,1328702.0
MAINE,2014.0,1330089.0
MAINE,2015.0,1329328.0
MAINE,2016.0,1330232.0
MAINE,2017.0,1335907.0
MAINE,2018.0,1341582.0
MARYLAND,2001.0,5386079.0
MARYLAND,2002.0,5450525.0
MARYLAND,2003.0,5512310.0
MARYLAND,2004.0,5561332.0
MARYLAND,2005.0,5589599.0
MARYLAND,2006.0,5615727.0
MARYLAND,2007.0,5618344.0
MARYLAND,2008.0,5633597.0
MARYLAND,2009.0,5699478.0
MARYLAND,2010.0,5785681.0
MARYLAND,2011.0,5839572.0
MARYLAND,2012.0,5884868.0
MARYLAND,2013.0,5938737.0
MARYLAND,2014.0,5976407.0
MARYLAND,2015.0,6006401.0
MARYLAND,2016.0,6024752.0
MARYLAND,2017.0,6052177.0
MARYLAND,2018.0,6079602.0
MASSACHUSETTS,2001.0,6401164.0
MASSACHUSETTS,2002.0,6421800.0
MASSACHUSETTS,2003.0,6420357.0
MASSACHUSETTS,2004.0,6407382.0
MASSACHUSETTS,2005.0,6433367.0
MASSACHUSETTS,2006.0,6437193.0
MASSACHUSETTS,2007.0,6449755.0
MASSACHUSETTS,2008.0,6497967.0
MASSACHUSETTS,2009.0,6593587.0
MASSACHUSETTS,2010.0,6555466.0
MASSACHUSETTS,2011.0,6607003.0
MASSACHUSETTS,2012.0,6645303.0
MASSACHUSETTS,2013.0,6708874.0
MASSACHUSETTS,2014.0,6745408.0
MASSACHUSETTS,2015.0,6794422.0
MASSACHUSETTS,2016.0,6823721.0
MASSACHUSETTS,2017.0,6859819.0
MASSACHUSETTS,2018.0,6895917.0
MICHIGAN,2001.0,10006266.0
MICHIGAN,2002.0,10043221.0
MICHIGAN,2003.0,10082364.0
MICHIGAN,2004.0,10104206.0
MICHIGAN,2005.0,10100833.0
MICHIGAN,2006.0,10095643.0
MICHIGAN,2007.0,10071822.0
MICHIGAN,2008.0,10003422.0
MICHIGAN,2009.0,9969727.0
MICHIGAN,2010.0,9877143.0
MICHIGAN,2011.0,9876801.0
MICHIGAN,2012.0,9882519.0
MICHIGAN,2013.0,9898193.0
MICHIGAN,2014.0,9909877.0
MICHIGAN,2015.0,9922576.0
MICHIGAN,2016.0,9933445.0
MICHIGAN,2017.0,9962311.0
MICHIGAN,2018.0,9991177.0
MINNESOTA,2001.0,4984535.0
MINNESOTA,2002.0,5024791.0
MINNESOTA,2003.0,5064172.0
MINNESOTA,2004.0,5096546.0
MINNESOTA,2005.0,5126739.0
MINNESOTA,2006.0,5167101.0
MINNESOTA,2007.0,5197621.0
MINNESOTA,2008.0,5220393.0
MINNESOTA,2009.0,5266214.0
MINNESOTA,2010.0,5310658.0
MINNESOTA,2011.0,5347299.0
MINNESOTA,2012.0,5379646.0
MINNESOTA,2013.0,5422060.0
MINNESOTA,2014.0,5457173.0
MINNESOTA,2015.0,5489594.0
MINNESOTA,2016.0,5525050.0
MINNESOTA,2017.0,5576606.0
MINNESOTA,2018.0,5628162.0
MISSISSIPPI,2001.0,2859733.0
MISSISSIPPI,2002.0,2866733.0
MISSISSIPPI,2003.0,2882594.0
MISSISSIPPI,2004.0,2900768.0
MISSISSIPPI,2005.0,2908496.0
MISSISSIPPI,2006.0,2910540.0
MISSISSIPPI,2007.0,2918785.0
MISSISSIPPI,2008.0,2938618.0
MISSISSIPPI,2009.0,2951996.0
MISSISSIPPI,2010.0,2970072.0
MISSISSIPPI,2011.0,2977457.0
MISSISSIPPI,2012.0,2986450.0
MISSISSIPPI,2013.0,2992206.0
MISSISSIPPI,2014.0,2994079.0
MISSISSIPPI,2015.0,2992333.0
MISSISSIPPI,2016.0,2985415.0
MISSISSIPPI,2017.0,2984100.0
MISSISSIPPI,2018.0,2982785.0
MISSOURI,2001.0,5637309.0
MISSOURI,2002.0,5669544.0
MISSOURI,2003.0,5719204.0
MISSOURI,2004.0,5759532.0
MISSOURI,2005.0,5797703.0
MISSOURI,2006.0,5842713.0
MISSOURI,2007.0,5878415.0
MISSOURI,2008.0,5911605.0
MISSOURI,2009.0,5987580.0
MISSOURI,2010.0,5995715.0
MISSOURI,2011.0,6008984.0
MISSOURI,2012.0,6024522.0
MISSOURI,2013.0,6044917.0
MISSOURI,2014.0,6063589.0
MISSOURI,2015.0,6083672.0
MISSOURI,2016.0,6091176.0
MISSOURI,2017.0,6113532.0
MISSOURI,2018.0,6135888.0
MONTANA,2001.0,905382.0
MONTANA,2002.0,910372.0
MONTANA,2003.0,918157.0
MONTANA,2004.0,926920.0
MONTANA,2005.0,934737.0
MONTANA,2006.0,944632.0
MONTANA,2007.0,957861.0
MONTANA,2008.0,967440.0
MONTANA,2009.0,974989.0
MONTANA,2010.0,990958.0
MONTANA,2011.0,997667.0
MONTANA,2012.0,1005494.0
MONTANA,2013.0,1014864.0
MONTANA,2014.0,1023579.0
MONTANA,2015.0,1032949.0
MONTANA,2016.0,1038656.0
MONTANA,2017.0,1050493.0
MONTANA,2018.0,1062330.0
NEBRASKA,2001.0,1720039.0
NEBRASKA,2002.0,1727564.0
NEBRASKA,2003.0,1737475.0
NEBRASKA,2004.0,1747704.0
NEBRASKA,2005.0,1758163.0
NEBRASKA,2006.0,1768331.0
NEBRASKA,2007.0,1774571.0
NEBRASKA,2008.0,1783432.0
NEBRASKA,2009.0,1796619.0
NEBRASKA,2010.0,1830141.0
NEBRASKA,2011.0,1842234.0
NEBRASKA,2012.0,1855350.0
NEBRASKA,2013.0,1868969.0
NEBRASKA,2014.0,1881503.0
NEBRASKA,2015.0,1896190.0
NEBRASKA,2016.0,1907603.0
NEBRASKA,2017.0,1920076.0
NEBRASKA,2018.0,1932549.0
NEVADA,2001.0,2097722.0
NEVADA,2002.0,2167455.0
NEVADA,2003.0,2242207.0
NEVADA,2004.0,2332898.0
NEVADA,2005.0,2412301.0
NEVADA,2006.0,2495529.0
NEVADA,2007.0,2565382.0
NEVADA,2008.0,2600167.0
NEVADA,2009.0,2643085.0
NEVADA,2010.0,2704283.0
NEVADA,2011.0,2720028.0
NEVADA,2012.0,2754354.0
NEVADA,2013.0,2791494.0
NEVADA,2014.0,2839099.0
NEVADA,2015.0,2890845.0
NEVADA,2016.0,2939254.0
NEVADA,2017.0,2998039.0
NEVADA,2018.0,3056824.0
NEW HAMPSHIRE,2001.0,1259359.0
NEW HAMPSHIRE,2002.0,1274405.0
NEW HAMPSHIRE,2003.0,1288705.0
NEW HAMPSHIRE,2004.0,1299169.0
NEW HAMPSHIRE,2005.0,1306819.0
NEW HAMPSHIRE,2006.0,1314895.0
NEW HAMPSHIRE,2007.0,1315828.0
NEW HAMPSHIRE,2008.0,1315809.0
NEW HAMPSHIRE,2009.0,1324575.0
NEW HAMPSHIRE,2010.0,1316807.0
NEW HAMPSHIRE,2011.0,1317807.0
NEW HAMPSHIRE,2012.0,1321617.0
NEW HAMPSHIRE,2013.0,1322616.0
NEW HAMPSHIRE,2014.0,1326813.0
NEW HAMPSHIRE,2015.0,1330608.0
NEW HAMPSHIRE,2016.0,1335015.0
NEW HAMPSHIRE,2017.0,1342795.0
NEW HAMPSHIRE,2018.0,1350575.0
NEW JERSEY,2001.0,8511116.0
NEW JERSEY,2002.0,8575252.0
NEW JERSEY,2003.0,8642412.0
NEW JERSEY,2004.0,8685166.0
NEW JERSEY,2005.0,8703150.0
NEW JERSEY,2006.0,8724560.0
NEW JERSEY,2007.0,8685920.0
NEW JERSEY,2008.0,8682661.0
NEW JERSEY,2009.0,8707739.0
NEW JERSEY,2010.0,8799593.0
NEW JERSEY,2011.0,8834773.0
NEW JERSEY,2012.0,8867749.0
NEW JERSEY,2013.0,8911502.0
NEW JERSEY,2014.0,8938175.0
NEW JERSEY,2015.0,8958013.0
NEW JERSEY,2016.0,8978416.0
NEW JERSEY,2017.0,9005644.0
NEW JERSEY,2018.0,9032872.0
NEW MEXICO,2001.0,1830935.0
NEW MEXICO,2002.0,1852044.0
NEW MEXICO,2003.0,1878562.0
NEW MEXICO,2004.0,1903006.0
NEW MEXICO,2005.0,1925985.0
NEW MEXICO,2006.0,1954599.0
NEW MEXICO,2007.0,1969915.0
NEW MEXICO,2008.0,1984356.0
NEW MEXICO,2009.0,2009671.0
NEW MEXICO,2010.0,2065913.0
NEW MEXICO,2011.0,2078674.0
NEW MEXICO,2012.0,2083540.0
NEW MEXICO,2013.0,2086895.0
NEW MEXICO,2014.0,2085572.0
NEW MEXICO,2015.0,2085109.0
NEW MEXICO,2016.0,2085432.0
NEW MEXICO,2017.0,2088070.0
NEW MEXICO,2018.0,2090708.0
NEW YORK,2001.0,19084350.0
NEW YORK,2002.0,19134293.0
NEW YORK,2003.0,19212425.0
NEW YORK,2004.0,19280727.0
NEW YORK,2005.0,19315721.0
NEW YORK,2006.0,19306183.0
NEW YORK,2007.0,19297729.0
NEW YORK,2008.0,19490297.0
NEW YORK,2009.0,19541453.0
NEW YORK,2010.0,19395206.0
NEW YORK,2011.0,19501616.0
NEW YORK,2012.0,19576125.0
NEW YORK,2013.0,19695680.0
NEW YORK,2014.0,19746227.0
NEW YORK,2015.0,
NEW YORK,2016.0,19836286.0
NEW YORK,2017.0,19849399.0
NEW YORK,2018.0,19862512.0
NORTH CAROLINA,2001.0,8206105.0
NORTH CAROLINA,2002.0,8305820.0
NORTH CAROLINA,2003.0,8421190.0
NORTH CAROLINA,2004.0,8540468.0
NORTH CAROLINA,2005.0,8672459.0
NORTH CAROLINA,2006.0,8856505.0
NORTH CAROLINA,2007.0,9061032.0
NORTH CAROLINA,2008.0,9222414.0
NORTH CAROLINA,2009.0,9380884.0
NORTH CAROLINA,2010.0,9560234.0
NORTH CAROLINA,2011.0,9651103.0
NORTH CAROLINA,2012.0,9748364.0
NORTH CAROLINA,2013.0,9848917.0
NORTH CAROLINA,2014.0,9943964.0
NORTH CAROLINA,2015.0,10042802.0
NORTH CAROLINA,2016.0,10156689.0
NORTH CAROLINA,2017.0,10273419.0
NORTH CAROLINA,2018.0,10390149.0
NORTH DAKOTA,2001.0,636550.0
NORTH DAKOTA,2002.0,633911.0
NORTH DAKOTA,2003.0,633400.0
NORTH DAKOTA,2004.0,636308.0
NORTH DAKOTA,2005.0,634605.0
NORTH DAKOTA,2006.0,635867.0
NORTH DAKOTA,2007.0,639715.0
NORTH DAKOTA,2008.0,641481.0
NORTH DAKOTA,2009.0,646844.0
NORTH DAKOTA,2010.0,674629.0
NORTH DAKOTA,2011.0,684740.0
NORTH DAKOTA,2012.0,701345.0
NORTH DAKOTA,2013.0,723857.0
NORTH DAKOTA,2014.0,739482.0
NORTH DAKOTA,2015.0,756927.0
NORTH DAKOTA,2016.0,755548.0
NORTH DAKOTA,2017.0,755393.0
NORTH DAKOTA,2018.0,755238.0
OHIO,2001.0,11389785.0
OHIO,2002.0,11408699.0
OHIO,2003.0,11437680.0
OHIO,2004.0,11450143.0
OHIO,2005.0,11470685.0
OHIO,2006.0,11478006.0
OHIO,2007.0,11466917.0
OHIO,2008.0,11485910.0
OHIO,2009.0,11542645.0
OHIO,2010.0,11537968.0
OHIO,2011.0,11541007.0
OHIO,2012.0,11553031.0
OHIO,2013.0,11572005.0
OHIO,2014.0,11594163.0
OHIO,2015.0,11613423.0
OHIO,2016.0,11622554.0
OHIO,2017.0,11658609.0
OHIO,2018.0,11694664.0
OKLAHOMA,2001.0,3469577.0
OKLAHOMA,2002.0,3489700.0
OKLAHOMA,2003.0,3506469.0
OKLAHOMA,2004.0,3523546.0
OKLAHOMA,2005.0,3543442.0
OKLAHOMA,2006.0,3579212.0
OKLAHOMA,2007.0,3617316.0
OKLAHOMA,2008.0,3642361.0
OKLAHOMA,2009.0,3687050.0
OKLAHOMA,2010.0,3760184.0
OKLAHOMA,2011.0,3784163.0
OKLAHOMA,2012.0,3815780.0
OKLAHOMA,2013.0,3853118.0
OKLAHOMA,2014.0,3878051.0
OKLAHOMA,2015.0,3911338.0
OKLAHOMA,2016.0,3921207.0
OKLAHOMA,2017.0,3930864.0
OKLAHOMA,2018.0,3940521.0
OREGON,2001.0,3473441.0
OREGON,2002.0,3520355.0
OREGON,2003.0,3564330.0
OREGON,2004.0,3591363.0
OREGON,2005.0,3638871.0
OREGON,2006.0,3700758.0
OREGON,2007.0,3747455.0
OREGON,2008.0,3790060.0
OREGON,2009.0,3825657.0
OREGON,2010.0,3838332.0
OREGON,2011.0,3868229.0
OREGON,2012.0,3899801.0
OREGON,2013.0,3928068.0
OREGON,2014.0,3970239.0
OREGON,2015.0,4028977.0
OREGON,2016.0,4085989.0
OREGON,2017.0,4142776.0
OREGON,2018.0,4199563.0
PENNSYLVANIA,2001.0,12303104.0
PENNSYLVANIA,2002.0,12328827.0
PENNSYLVANIA,2003.0,12370761.0
PENNSYLVANIA,2004.0,12394471.0
PENNSYLVANIA,2005.0,12405348.0
PENNSYLVANIA,2006.0,12440621.0
PENNSYLVANIA,2007.0,12432792.0
PENNSYLVANIA,2008.0,12448279.0
PENNSYLVANIA,2009.0,12604767.0
PENNSYLVANIA,2010.0,12717722.0
PENNSYLVANIA,2011.0,12743948.0
PENNSYLVANIA,2012.0,12764475.0
PENNSYLVANIA,2013.0,12781296.0
PENNSYLVANIA,2014.0,12787209.0
PENNSYLVANIA,2015.0,12802503.0
PENNSYLVANIA,2016.0,12787085.0
PENNSYLVANIA,2017.0,12805537.0
PENNSYLVANIA,2018.0,12823989.0
RHODE ISLAND,2001.0,1059659.0
RHODE ISLAND,2002.0,1068326.0
RHODE ISLAND,2003.0,1076084.0
RHODE ISLAND,2004.0,1079916.0
RHODE ISLAND,2005.0,1073579.0
RHODE ISLAND,2006.0,1067610.0
RHODE ISLAND,2007.0,1057832.0
RHODE ISLAND,2008.0,1050788.0
RHODE ISLAND,2009.0,1053209.0
RHODE ISLAND,2010.0,1052528.0
RHODE ISLAND,2011.0,1050646.0
RHODE ISLAND,2012.0,1050304.0
RHODE ISLAND,2013.0,1053354.0
RHODE ISLAND,2014.0,1055173.0
RHODE ISLAND,2015.0,1056298.0
RHODE ISLAND,2016.0,1057566.0
RHODE ISLAND,2017.0,1059639.0
RHODE ISLAND,2018.0,1061712.0
SOUTH CAROLINA,2001.0,4062125.0
SOUTH CAROLINA,2002.0,4103770.0
SOUTH CAROLINA,2003.0,4148744.0
SOUTH CAROLINA,2004.0,4197892.0
SOUTH CAROLINA,2005.0,4246933.0
SOUTH CAROLINA,2006.0,4321249.0
SOUTH CAROLINA,2007.0,4407709.0
SOUTH CAROLINA,2008.0,4479800.0
SOUTH CAROLINA,2009.0,4561242.0
SOUTH CAROLINA,2010.0,4637106.0
SOUTH CAROLINA,2011.0,4673348.0
SOUTH CAROLINA,2012.0,4723417.0
SOUTH CAROLINA,2013.0,4771929.0
SOUTH CAROLINA,2014.0,4832482.0
SOUTH CAROLINA,2015.0,4896146.0
SOUTH CAROLINA,2016.0,4959822.0
SOUTH CAROLINA,2017.0,5024369.0
SOUTH CAROLINA,2018.0,5088916.0
SOUTH DAKOTA,2001.0,758324.0
SOUTH DAKOTA,2002.0,760437.0
SOUTH DAKOTA,2003.0,764905.0
SOUTH DAKOTA,2004.0,770621.0
SOUTH DAKOTA,2005.0,774883.0
SOUTH DAKOTA,2006.0,781919.0
SOUTH DAKOTA,2007.0,796214.0
SOUTH DAKOTA,2008.0,804194.0
SOUTH DAKOTA,2009.0,812383.0
SOUTH DAKOTA,2010.0,816598.0
SOUTH DAKOTA,2011.0,823593.0
SOUTH DAKOTA,2012.0,834047.0
SOUTH DAKOTA,2013.0,845510.0
SOUTH DAKOTA,2014.0,853175.0
SOUTH DAKOTA,2015.0,858469.0
SOUTH DAKOTA,2016.0,861542.0
SOUTH DAKOTA,2017.0,869666.0
SOUTH DAKOTA,2018.0,877790.0
TENNESSEE,2001.0,5749398.0
TENNESSEE,2002.0,5789796.0
TENNESSEE,2003.0,5845208.0
TENNESSEE,2004.0,5893298.0
TENNESSEE,2005.0,5955745.0
TENNESSEE,2006.0,6038803.0
TENNESSEE,2007.0,6156719.0
TENNESSEE,2008.0,6214888.0
TENNESSEE,2009.0,6296254.0
TENNESSEE,2010.0,6357436.0
TENNESSEE,2011.0,6399787.0
TENNESSEE,2012.0,6454914.0
TENNESSEE,2013.0,6497269.0
TENNESSEE,2014.0,6549352.0
TENNESSEE,2015.0,6600299.0
TENNESSEE,2016.0,6649404.0
TENNESSEE,2017.0,6715984.0
TENNESSEE,2018.0,6782564.0
TEXAS,2001.0,21370983.0
TEXAS,2002.0,21736925.0
TEXAS,2003.0,22103374.0
TEXAS,2004.0,22471549.0
TEXAS,2005.0,22928508.0
TEXAS,2006.0,23507783.0
TEXAS,2007.0,23904380.0
TEXAS,2008.0,24326974.0
TEXAS,2009.0,24782302.0
TEXAS,2010.0,25253466.0
TEXAS,2011.0,25631778.0
TEXAS,2012.0,26060796.0
TEXAS,2013.0,26505637.0
TEXAS,2014.0,26956958.0
TEXAS,2015.0,27469114.0
TEXAS,2016.0,27904862.0
TEXAS,2017.0,28304596.0
TEXAS,2018.0,28704330.0
UTAH,2001.0,2278712.0
UTAH,2002.0,2318789.0
UTAH,2003.0,2352119.0
UTAH,2004.0,2420708.0
UTAH,2005.0,2490334.0
UTAH,2006.0,2550063.0
UTAH,2007.0,2645330.0
UTAH,2008.0,2736424.0
UTAH,2009.0,2784572.0
UTAH,2010.0,2775479.0
UTAH,2011.0,2814347.0
UTAH,2012.0,2854871.0
UTAH,2013.0,2902787.0
UTAH,2014.0,2942902.0
UTAH,2015.0,2995919.0
UTAH,2016.0,3044321.0
UTAH,2017.0,3101833.0
UTAH,2018.0,3159345.0
VERMONT,2001.0,612978.0
VERMONT,2002.0,616408.0
VERMONT,2003.0,619343.0
VERMONT,2004.0,621233.0
VERMONT,2005.0,622387.0
VERMONT,2006.0,623908.0
VERMONT,2007.0,621254.0
VERMONT,2008.0,621270.0
VERMONT,2009.0,621760.0
VERMONT,2010.0,625909.0
VERMONT,2011.0,626592.0
VERMONT,2012.0,625953.0
VERMONT,2013.0,626855.0
VERMONT,2014.0,626562.0
VERMONT,2015.0,626042.0
VERMONT,2016.0,623354.0
VERMONT,2017.0,623657.0
VERMONT,2018.0,623960.0
VIRGINIA,2001.0,7196750.0
VIRGINIA,2002.0,7287829.0
VIRGINIA,2003.0,7365284.0
VIRGINIA,2004.0,7481332.0
VIRGINIA,2005.0,7564327.0
VIRGINIA,2006.0,7642884.0
VIRGINIA,2007.0,7712091.0
VIRGINIA,2008.0,7769089.0
VIRGINIA,2009.0,7882590.0
VIRGINIA,2010.0,8023953.0
VIRGINIA,2011.0,8104384.0
VIRGINIA,2012.0,8186628.0
VIRGINIA,2013.0,8270345.0
VIRGINIA,2014.0,8326289.0
VIRGINIA,2015.0,8382993.0
VIRGINIA,2016.0,8414380.0
VIRGINIA,2017.0,8470020.0
VIRGINIA,2018.0,8525660.0
WASHINGTON,2001.0,5993390.0
WASHINGTON,2002.0,6067060.0
WASHINGTON,2003.0,6131298.0
WASHINGTON,2004.0,6207046.0
WASHINGTON,2005.0,6291899.0
WASHINGTON,2006.0,6395798.0
WASHINGTON,2007.0,6468424.0
WASHINGTON,2008.0,6549224.0
WASHINGTON,2009.0,6664195.0
WASHINGTON,2010.0,6742950.0
WASHINGTON,2011.0,6823267.0
WASHINGTON,2012.0,6895318.0
WASHINGTON,2013.0,6973742.0
WASHINGTON,2014.0,7061530.0
WASHINGTON,2015.0,7170351.0
WASHINGTON,2016.0,7280934.0
WASHINGTON,2017.0,7405743.0
WASHINGTON,2018.0,7530552.0
WEST VIRGINIA,2001.0,1800975.0
WEST VIRGINIA,2002.0,1804884.0
WEST VIRGINIA,2003.0,1811440.0
WEST VIRGINIA,2004.0,1812548.0
WEST VIRGINIA,2005.0,1814083.0
WEST VIRGINIA,2006.0,1818470.0
WEST VIRGINIA,2007.0,1812035.0
WEST VIRGINIA,2008.0,1814468.0
WEST VIRGINIA,2009.0,1819777.0
WEST VIRGINIA,2010.0,1854368.0
WEST VIRGINIA,2011.0,1854908.0
WEST VIRGINIA,2012.0,1856680.0
WEST VIRGINIA,2013.0,1853595.0
WEST VIRGINIA,2014.0,1850326.0
WEST VIRGINIA,2015.0,1844128.0
WEST VIRGINIA,2016.0,1828637.0
WEST VIRGINIA,2017.0,1815857.0
WEST VIRGINIA,2018.0,1803077.0
WISCONSIN,2001.0,5405947.0
WISCONSIN,2002.0,5439692.0
WISCONSIN,2003.0,5474290.0
WISCONSIN,2004.0,5503533.0
WISCONSIN,2005.0,5527644.0
WISCONSIN,2006.0,5556506.0
WISCONSIN,2007.0,5601640.0
WISCONSIN,2008.0,5627967.0
WISCONSIN,2009.0,5654774.0
WISCONSIN,2010.0,5691659.0
WISCONSIN,2011.0,5709843.0
WISCONSIN,2012.0,5724554.0
WISCONSIN,2013.0,5742953.0
WISCONSIN,2014.0,5757564.0
WISCONSIN,2015.0,5771337.0
WISCONSIN,2016.0,5772917.0
WISCONSIN,2017.0,5795483.0
WISCONSIN,2018.0,5818049.0
WYOMING,2001.0,493754.0
WYOMING,2002.0,498830.0
WYOMING,2003.0,502111.0
WYOMING,2004.0,505887.0
WYOMING,2005.0,508798.0
WYOMING,2006.0,515004.0
WYOMING,2007.0,522830.0
WYOMING,2008.0,532668.0
WYOMING,2009.0,544270.0
WYOMING,2010.0,564554.0
WYOMING,2011.0,567356.0
WYOMING,2012.0,576626.0
WYOMING,2013.0,583223.0
WYOMING,2014.0,584153.0
WYOMING,2015.0,586107.0
WYOMING,2016.0,584910.0
WYOMING,2017.0,579315.0
WYOMING,2018.0,573720.0
