YEAR,STATE,AVG_SCORE,TEST_SUBJECT,TEST_YEAR
2013,Massachusetts,300.568235011147,Mathematics,8
2009,Massachusetts,298.854346618482,Mathematics,8
2011,Massachusetts,298.512431105164,Mathematics,8
2007,Massachusetts,297.923344483955,Mathematics,8
2017,Massachusetts,297.0422252108,Mathematics,8
2015,Massachusetts,296.908571436848,Mathematics,8
2013,New Jersey,296.053351131027,Mathematics,8
2013,New Hampshire,295.665123344221,Mathematics,8
2013,Vermont,295.469562357463,Mathematics,8
2011,Minnesota,294.946422810345,Mathematics,8
2013,Minnesota,294.592972603507,Mathematics,8
2009,Minnesota,294.443320106986,Mathematics,8
2015,New Hampshire,294.413018726344,Mathematics,8
2015,Minnesota,294.147777973073,Mathematics,8
2011,New Jersey,294.138771366004,Mathematics,8
2017,Minnesota,293.962375743927,Mathematics,8
2011,Vermont,293.882577068531,Mathematics,8
2015,New Jersey,293.36593817877,Mathematics,8
2017,New Hampshire,293.290654433387,Mathematics,8
2011,Montana,292.907804277033,Mathematics,8
2009,Vermont,292.866096352356,Mathematics,8
2009,North Dakota,292.842488544915,Mathematics,8
2009,New Jersey,292.657227109585,Mathematics,8
2009,New Hampshire,292.321817220053,Mathematics,8
2011,New Hampshire,292.10873973776,Mathematics,8
2011,North Dakota,291.998404485775,Mathematics,8
2007,Minnesota,291.85111653854,Mathematics,8
2011,Colorado,291.7426728709,Mathematics,8
2017,New Jersey,291.698552399307,Mathematics,8
2007,North Dakota,291.561611918756,Mathematics,8
2009,Montana,291.542942879491,Mathematics,8
2005,Massachusetts,291.5135411152,Mathematics,8
2007,Vermont,291.010773791979,Mathematics,8
2003,Minnesota,290.680055978624,Mathematics,8
2009,South Dakota,290.619127707892,Mathematics,8
2011,South Dakota,290.61519679044,Mathematics,8
2013,North Dakota,290.515111260981,Mathematics,8
2015,Vermont,290.355191159079,Mathematics,8
2011,Texas,290.346709355265,Mathematics,8
2017,Virginia,290.081407427647,Mathematics,8
2005,Minnesota,290.074995791089,Mathematics,8
2007,Kansas,290.032599829257,Mathematics,8
2013,Washington,289.956988743835,Mathematics,8
2013,Colorado,289.68180010958,Mathematics,8
2013,Pennsylvania,289.623651633339,Mathematics,8
2011,Kansas,289.61928267474,Mathematics,8
2013,Ohio,289.528096752185,Mathematics,8
2013,Kansas,289.518256078135,Mathematics,8
2011,Virginia,289.255411153431,Mathematics,8
2013,Montana,289.228453008852,Mathematics,8
2017,Washington,289.131257183192,Mathematics,8
2015,Wisconsin,289.077749211995,Mathematics,8
2017,Wyoming,288.761811740442,Mathematics,8
2013,Wisconsin,288.745780841654,Mathematics,8
2011,Maine,288.732297636602,Mathematics,8
2013,Maine,288.731159737956,Mathematics,8
2009,Washington,288.722375608773,Mathematics,8
2011,Wisconsin,288.665932686223,Mathematics,8
2009,Connecticut,288.608513451696,Mathematics,8
2011,Ohio,288.602596832439,Mathematics,8
2009,Kansas,288.596403041255,Mathematics,8
2007,New Jersey,288.583451449458,Mathematics,8
2007,South Dakota,288.463925271604,Mathematics,8
2017,Nebraska,288.405955332178,Mathematics,8
2009,Maryland,288.341565298202,Mathematics,8
2009,Pennsylvania,288.304168923925,Mathematics,8
2015,North Dakota,288.244147214039,Mathematics,8
2013,Texas,288.198967599188,Mathematics,8
2017,North Dakota,288.172322165675,Mathematics,8
2017,Wisconsin,288.143144315469,Mathematics,8
2013,Virginia,288.142959517699,Mathematics,8
2009,Wisconsin,288.140726236317,Mathematics,8
2013,Wyoming,288.119137263578,Mathematics,8
2011,Washington,288.107761945489,Mathematics,8
2011,Maryland,287.997802255227,Mathematics,8
2011,Wyoming,287.767926048951,Mathematics,8
2013,Indiana,287.767653833023,Mathematics,8
2017,Ohio,287.714266317975,Mathematics,8
2015,Virginia,287.709298675278,Mathematics,8
2017,Indiana,287.705639463898,Mathematics,8
2000,Minnesota,287.651942187297,Mathematics,8
2007,Virginia,287.625904963882,Mathematics,8
2017,Vermont,287.62338824063,Mathematics,8
2007,New Hampshire,287.557060954994,Mathematics,8
2015,Montana,287.464005517244,Mathematics,8
2009,Colorado,287.372907515934,Mathematics,8
2005,Vermont,287.356487616841,Mathematics,8
2009,Idaho,287.305215052426,Mathematics,8
2005,South Dakota,287.303617983357,Mathematics,8
2013,South Dakota,287.270390625653,Mathematics,8
2015,Indiana,287.175201077669,Mathematics,8
2003,North Dakota,287.14464048292,Mathematics,8
2007,Montana,287.075528953695,Mathematics,8
2011,Connecticut,286.999944694085,Mathematics,8
2007,Wyoming,286.987771483089,Mathematics,8
2005,North Dakota,286.960953441317,Mathematics,8
2017,Utah,286.816559110458,Mathematics,8
2009,Indiana,286.809977886735,Mathematics,8
2009,Texas,286.685076683873,Mathematics,8
2011,Idaho,286.675063250389,Mathematics,8
2015,Wyoming,286.666547067471,Mathematics,8
2013,Maryland,286.641381102957,Mathematics,8
2000,Montana,286.584607021488,Mathematics,8
2003,Massachusetts,286.52069448017,Mathematics,8
2015,Washington,286.513107597489,Mathematics,8
2015,Nebraska,286.498563486228,Mathematics,8
2007,Maine,286.472253115987,Mathematics,8
2005,Montana,286.432001216413,Mathematics,8
2015,Iowa,286.41621998599,Mathematics,8
2013,Idaho,286.413881629757,Mathematics,8
2017,Pennsylvania,286.393832326288,Mathematics,8
2017,South Dakota,286.376159534544,Mathematics,8
2009,Maine,286.361425938805,Mathematics,8
2011,North Carolina,286.267028242857,Mathematics,8
2017,Colorado,286.247717546748,Mathematics,8
2017,Iowa,286.239418158172,Mathematics,8
2003,New Hampshire,286.198468660005,Mathematics,8
2007,Colorado,286.192756166341,Mathematics,8
2007,Pennsylvania,286.16686332577,Mathematics,8
2015,Utah,286.116911188659,Mathematics,8
2009,Wyoming,286.10403398533,Mathematics,8
2011,Pennsylvania,286.102741735941,Mathematics,8
2009,Virginia,286.069754986907,Mathematics,8
2003,Montana,285.928022552419,Mathematics,8
2007,Texas,285.870708420456,Mathematics,8
2009,Missouri,285.808001946777,Mathematics,8
2007,Maryland,285.734265236821,Mathematics,8
2003,Vermont,285.6455721843,Mathematics,8
2013,North Carolina,285.645388424867,Mathematics,8
2007,Wisconsin,285.617942521924,Mathematics,8
2017,Montana,285.600436850241,Mathematics,8
2009,Ohio,285.583013784517,Mathematics,8
2015,Colorado,285.539188724412,Mathematics,8
2017,Kansas,285.283507884924,Mathematics,8
2005,New Hampshire,285.2533570362,Mathematics,8
2013,Connecticut,285.243972274119,Mathematics,8
2007,Iowa,285.226903146597,Mathematics,8
2013,Iowa,285.07013777479,Mathematics,8
2015,Ohio,285.061955059169,Mathematics,8
2013,Nebraska,285.061348473454,Mathematics,8
2005,Washington,285.052229728136,Mathematics,8
2009,Oregon,285.036814371216,Mathematics,8
2007,Indiana,285.007210900174,Mathematics,8
2011,Indiana,285.00291608665,Mathematics,8
2011,Iowa,284.920836058704,Mathematics,8
2013,Illinois,284.897647164169,Mathematics,8
2003,South Dakota,284.881736383978,Mathematics,8
2015,Maine,284.875476957911,Mathematics,8
2007,Washington,284.862804344983,Mathematics,8
2007,Ohio,284.851639473941,Mathematics,8
2015,South Dakota,284.64140569224,Mathematics,8
2005,Wisconsin,284.541556582959,Mathematics,8
2017,Idaho,284.371732938877,Mathematics,8
2005,Virginia,284.371628221298,Mathematics,8
2009,North Carolina,284.332635252336,Mathematics,8
2013,Utah,284.331486246838,Mathematics,8
2009,Nebraska,284.259093531038,Mathematics,8
2003,Kansas,284.191088052303,Mathematics,8
2009,Iowa,284.170178554705,Mathematics,8
2017,Connecticut,284.144330330682,Mathematics,8
2013,Rhode Island,284.092212214805,Mathematics,8
2009,Utah,284.068251870422,Mathematics,8
2005,Kansas,284.030053484553,Mathematics,8
2017,Maine,284.003007342022,Mathematics,8
2005,Nebraska,283.9629910353,Mathematics,8
2015,Connecticut,283.956677264342,Mathematics,8
2003,Iowa,283.953344744355,Mathematics,8
2003,Wisconsin,283.915865654494,Mathematics,8
2005,New Jersey,283.902604236295,Mathematics,8
2007,North Carolina,283.880668759806,Mathematics,8
2015,Kansas,283.871096311731,Mathematics,8
2009,Delaware,283.829472979958,Mathematics,8
2007,Oregon,283.826277204194,Mathematics,8
2005,Iowa,283.810928831672,Mathematics,8
2015,Texas,283.793540280437,Mathematics,8
2015,Idaho,283.742325345327,Mathematics,8
2003,Connecticut,283.729811207579,Mathematics,8
2000,Kansas,283.679619149647,Mathematics,8
2015,Pennsylvania,283.668415444349,Mathematics,8
2007,Nebraska,283.650598646173,Mathematics,8
2000,Maine,283.641703580061,Mathematics,8
2013,Oregon,283.524589064024,Mathematics,8
2007,Idaho,283.507595771493,Mathematics,8
2003,Wyoming,283.50334994463,Mathematics,8
2000,Vermont,283.408381447859,Mathematics,8
2003,Colorado,283.399858481467,Mathematics,8
2011,Utah,283.308332086503,Mathematics,8
2011,Alaska,283.2727978671,Mathematics,8
2005,Ohio,283.251774708647,Mathematics,8
2011,Illinois,283.228134687939,Mathematics,8
2011,Nebraska,283.197044839966,Mathematics,8
2015,Maryland,283.149034098785,Mathematics,8
2000,Massachusetts,283.123245551255,Mathematics,8
2000,North Dakota,283.073844051673,Mathematics,8
2000,Indiana,283.051229255175,Mathematics,8
2009,Alaska,283.047662800849,Mathematics,8
2007,Delaware,282.992082743316,Mathematics,8
2013,Missouri,282.988457911702,Mathematics,8
2015,Arizona,282.919489420654,Mathematics,8
2011,Rhode Island,282.875659622898,Mathematics,8
2015,Oregon,282.814899352646,Mathematics,8
2011,Delaware,282.769966403216,Mathematics,8
2000,Ohio,282.672753528445,Mathematics,8
2009,New York,282.576915418605,Mathematics,8
2007,Alaska,282.557154120707,Mathematics,8
2011,Oregon,282.518206779261,Mathematics,8
2007,Connecticut,282.472790062009,Mathematics,8
2009,Illinois,282.431416992088,Mathematics,8
2013,Delaware,282.338298596548,Mathematics,8
2017,Texas,282.320510342396,Mathematics,8
2017,Arizona,282.248145284054,Mathematics,8
2005,Oregon,282.237325362273,Mathematics,8
2003,Nebraska,282.193755965696,Mathematics,8
2017,Oregon,282.173028442268,Mathematics,8
2005,Wyoming,282.100609598155,Mathematics,8
2015,Illinois,281.968567276813,Mathematics,8
2011,Missouri,281.947646246654,Mathematics,8
2017,North Carolina,281.926028447068,Mathematics,8
2003,Maine,281.903773320764,Mathematics,8
2000,Connecticut,281.902485561834,Mathematics,8
2005,North Carolina,281.825136586578,Mathematics,8
2013,New York,281.807787831651,Mathematics,8
2005,Indiana,281.714945536305,Mathematics,8
2017,New York,281.687999953596,Mathematics,8
2003,Virginia,281.676643366069,Mathematics,8
2017,Illinois,281.617997668016,Mathematics,8
2011,Kentucky,281.608809706829,Mathematics,8
2003,Ohio,281.607295379003,Mathematics,8
2013,Alaska,281.559572836526,Mathematics,8
2007,South Carolina,281.503601480921,Mathematics,8
2015,Rhode Island,281.445219579398,Mathematics,8
2013,Hawaii,281.412922288425,Mathematics,8
2003,New Jersey,281.407119904536,Mathematics,8
2015,North Carolina,281.331091062317,Mathematics,8
2003,North Carolina,281.240350571106,Mathematics,8
2005,South Carolina,281.23432113535,Mathematics,8
2003,Indiana,281.220939756711,Mathematics,8
2003,Washington,281.151364414263,Mathematics,8
2005,Texas,281.102845047493,Mathematics,8
2007,Utah,281.087473705525,Mathematics,8
2005,Connecticut,281.068953005311,Mathematics,8
2005,Maine,281.058540918142,Mathematics,8
2017,Georgia,281.035487532394,Mathematics,8
2011,South Carolina,281.000133716553,Mathematics,8
2005,Idaho,280.966896649599,Mathematics,8
2005,Delaware,280.95354283122,Mathematics,8
2017,Maryland,280.910245611123,Mathematics,8
2003,Oregon,280.892470910844,Mathematics,8
2013,Florida,280.855839554008,Mathematics,8
2005,Colorado,280.824007310133,Mathematics,8
2015,Missouri,280.821425670635,Mathematics,8
2005,Pennsylvania,280.713835066326,Mathematics,8
2013,Kentucky,280.64544247635,Mathematics,8
2003,Utah,280.64536966117,Mathematics,8
2000,Oregon,280.640222797324,Mathematics,8
2007,Missouri,280.619538285703,Mathematics,8
2000,Nebraska,280.618068695496,Mathematics,8
2017,Missouri,280.596021606445,Mathematics,8
2017,DoDEA,280.499129965249,Reading,8
2007,Illinois,280.497096028329,Mathematics,8
2015,Alaska,280.493456179845,Mathematics,8
2011,New York,280.453026092986,Mathematics,8
2009,South Carolina,280.380855413571,Mathematics,8
2011,Michigan,280.176517968298,Mathematics,8
2007,New York,280.141177237476,Mathematics,8
2013,Michigan,280.133597093752,Mathematics,8
2000,North Carolina,280.127947198885,Mathematics,8
2015,New York,280.089220069279,Mathematics,8
2003,Idaho,279.939266837246,Mathematics,8
2013,South Carolina,279.824608578537,Mathematics,8
2015,Delaware,279.810243773994,Mathematics,8
2003,New York,279.749257044273,Mathematics,8
2013,Arizona,279.722267962505,Mathematics,8
2005,New York,279.716253699868,Mathematics,8
2017,Michigan,279.505454699336,Mathematics,8
2015,Hawaii,279.340145034503,Mathematics,8
2009,Florida,279.33526411278,Mathematics,8
2009,Kentucky,279.284216093787,Mathematics,8
2011,Oklahoma,279.179608185009,Mathematics,8
2013,Georgia,279.179110912454,Mathematics,8
2005,Utah,279.156123426792,Mathematics,8
2017,Florida,279.120415156315,Mathematics,8
2011,Arkansas,279.088205018109,Mathematics,8
2011,Arizona,279.033501713793,Mathematics,8
2003,Alaska,279.025069865231,Mathematics,8
2005,Alaska,278.958709394219,Mathematics,8
2017,Tennessee,278.777735468651,Mathematics,8
2003,Missouri,278.766250348876,Mathematics,8
2015,Georgia,278.711796774375,Mathematics,8
2007,Kentucky,278.704749914375,Mathematics,8
2003,Pennsylvania,278.537758124922,Mathematics,8
2011,Georgia,278.483619188656,Mathematics,8
2000,Michigan,278.452666707407,Mathematics,8
2013,Nevada,278.28668090862,Mathematics,8
2009,Michigan,278.268168151681,Mathematics,8
2015,Tennessee,278.203380665353,Mathematics,8
2015,Michigan,278.168651923457,Mathematics,8
2011,Nevada,278.113153726165,Mathematics,8
2017,Delaware,278.023498869959,Mathematics,8
2015,Kentucky,277.947260135803,Mathematics,8
2005,Maryland,277.930794576753,Mathematics,8
2009,Rhode Island,277.92371937219,Mathematics,8
2000,Idaho,277.917913542907,Mathematics,8
2013,Arkansas,277.914802456258,Mathematics,8
2011,Florida,277.837035214102,Mathematics,8
2011,Hawaii,277.836211052583,Mathematics,8
2017,Massachusetts,277.782588599843,Reading,8
2013,Tennessee,277.720127269641,Mathematics,8
2003,Maryland,277.71611251074,Mathematics,8
2017,Kentucky,277.714161796085,Mathematics,8
2005,Illinois,277.672238913307,Mathematics,8
2009,Georgia,277.561199732371,Mathematics,8
2007,Florida,277.383497256758,Mathematics,8
2005,Michigan,277.346681960374,Mathematics,8
2017,Hawaii,277.336845826814,Mathematics,8
2009,Arizona,277.332281962623,Mathematics,8
2003,South Carolina,277.300449617316,Mathematics,8
2015,DoDEA,277.191363427262,Reading,8
2017,Rhode Island,277.180125645798,Mathematics,8
2003,Illinois,277.160080956322,Mathematics,8
2003,Delaware,277.158368932433,Mathematics,8
2003,Texas,277.052648954338,Mathematics,8
2017,Alaska,277.015571755108,Mathematics,8
2013,Massachusetts,277.009559086016,Reading,8
2013,DoDEA,276.994367424941,Reading,8
2000,Illinois,276.909459049332,Mathematics,8
2007,Michigan,276.830517083696,Mathematics,8
2000,Wyoming,276.68998034322,Mathematics,8
2000,Virginia,276.674991537432,Mathematics,8
2017,California,276.638200063835,Mathematics,8
2005,Missouri,276.44993926095,Mathematics,8
2003,Michigan,276.441861597672,Mathematics,8
2013,New Jersey,276.37798779341,Reading,8
2000,New York,276.262858771617,Mathematics,8
2000,Maryland,276.014360058913,Mathematics,8
2009,Arkansas,275.999499994013,Mathematics,8
2013,California,275.901350652197,Mathematics,8
2015,South Carolina,275.827866191395,Mathematics,8
2009,Oklahoma,275.711956830545,Mathematics,8
2007,Arizona,275.548426408372,Mathematics,8
2013,Oklahoma,275.506732026577,Mathematics,8
2000,Utah,275.436709934551,Mathematics,8
2007,Rhode Island,275.386990471622,Mathematics,8
2011,Massachusetts,275.36851762846,Reading,8
2017,Nevada,275.365455514069,Mathematics,8
2015,California,275.324573012154,Mathematics,8
2015,Florida,275.323817958749,Mathematics,8
2011,New Jersey,275.183164316271,Reading,8
2015,Nevada,275.171868843271,Mathematics,8
2015,Arkansas,275.064756412469,Mathematics,8
2017,New Jersey,275.04455230693,Reading,8
2000,Texas,274.846015943346,Mathematics,8
2015,New Hampshire,274.8067462817,Reading,8
2017,New Hampshire,274.786039733195,Reading,8
2007,Georgia,274.778664644925,Mathematics,8
2009,Tennessee,274.761821088186,Mathematics,8
2017,Oklahoma,274.688883411113,Mathematics,8
2011,Connecticut,274.681399470751,Reading,8
2017,South Carolina,274.67382111862,Mathematics,8
2015,Oklahoma,274.58598213814,Mathematics,8
2007,Oklahoma,274.534989354995,Mathematics,8
2015,Massachusetts,274.497568115749,Reading,8
2013,Connecticut,274.459542474537,Reading,8
2011,New Mexico,274.454701456959,Mathematics,8
2013,West Virginia,274.430134697899,Mathematics,8
2013,Vermont,274.368547733738,Reading,8
2013,New Hampshire,274.307731748779,Reading,8
2005,Arizona,274.305090048274,Mathematics,8
2003,Kentucky,274.278472166639,Mathematics,8
2009,Nevada,274.148541684888,Mathematics,8
2005,Florida,274.04837689748,Mathematics,8
2011,Tennessee,274.038710319906,Mathematics,8
2005,Kentucky,273.983027164396,Mathematics,8
2007,Tennessee,273.978786623685,Mathematics,8
2015,Vermont,273.961831447048,Reading,8
2007,Arkansas,273.89986215628,Mathematics,8
2011,Vermont,273.840765049115,Reading,8
2013,Maryland,273.801903090503,Reading,8
2017,Arkansas,273.75990725281,Mathematics,8
2009,Hawaii,273.758606683625,Mathematics,8
2005,Massachusetts,273.716062946534,Reading,8
2009,Massachusetts,273.589289718711,Reading,8
2000,Missouri,273.575780410819,Mathematics,8
2000,Rhode Island,273.425785095558,Mathematics,8
2017,West Virginia,273.415853633933,Mathematics,8
2017,Vermont,273.402640307413,Reading,8
2007,Massachusetts,273.284048809294,Reading,8
2011,West Virginia,273.263173122564,Mathematics,8
2015,Connecticut,273.048030410963,Reading,8
2007,Vermont,273.045757236707,Reading,8
2002,DoDEA,272.913744585382,Reading,8
2003,Massachusetts,272.906645050057,Reading,8
2011,Montana,272.874140765607,Reading,8
2011,Louisiana,272.843333892634,Mathematics,8
2009,New Jersey,272.80263385761,Reading,8
2011,California,272.769803091291,Mathematics,8
2013,New Mexico,272.761808894229,Mathematics,8
2013,Louisiana,272.760966478426,Mathematics,8
2007,DoDEA,272.692552866005,Reading,8
2017,Connecticut,272.537711456234,Reading,8
2009,DoDEA,272.459316348739,Reading,8
2007,Louisiana,272.386299598469,Mathematics,8
2009,Louisiana,272.379906697646,Mathematics,8
2011,DoDEA,272.349959976913,Reading,8
2005,Rhode Island,272.345018074323,Mathematics,8
2009,Vermont,272.305134189083,Reading,8
2005,Georgia,272.191564411022,Mathematics,8
2013,Pennsylvania,272.085365342425,Reading,8
2011,New Hampshire,272.078626455018,Reading,8
2013,Washington,272.036124410819,Reading,8
2017,Indiana,272.023875675737,Reading,8
2003,Rhode Island,271.998694378475,Mathematics,8
2003,Oklahoma,271.905151347835,Mathematics,8
2002,Vermont,271.834589771075,Reading,8
2009,Connecticut,271.810133169712,Reading,8
2003,DoDEA,271.790968707121,Reading,8
2013,Montana,271.765782480696,Reading,8
2000,Oklahoma,271.645793898218,Mathematics,8
2005,Arkansas,271.636348366415,Mathematics,8
2017,Washington,271.617022995208,Reading,8
2000,Kentucky,271.561511404378,Mathematics,8
2015,West Virginia,271.45070884715,Mathematics,8
2003,Florida,271.371490239171,Mathematics,8
2005,Oklahoma,271.359902408679,Mathematics,8
2011,Maryland,271.222896649808,Reading,8
2003,Arizona,271.177350478914,Mathematics,8
2013,Mississippi,271.160967287249,Mathematics,8
2013,Minnesota,271.019654579448,Reading,8
2013,Colorado,271.009086942572,Reading,8
2013,Wyoming,270.966172221906,Reading,8
2007,Montana,270.937849960978,Reading,8
2017,Mississippi,270.91490754267,Mathematics,8
2015,New Mexico,270.897534405553,Mathematics,8
2015,New Jersey,270.85371153053,Reading,8
2007,Nevada,270.804024374923,Mathematics,8
2000,West Virginia,270.780076291355,Mathematics,8
2003,West Virginia,270.770353447282,Mathematics,8
2009,New Hampshire,270.748158823326,Reading,8
2003,New Hampshire,270.734453004041,Reading,8
2000,Arizona,270.715405900397,Mathematics,8
2009,Pennsylvania,270.700536709088,Reading,8
2011,Colorado,270.636204320649,Reading,8
2015,Mississippi,270.580479347121,Mathematics,8
2005,Tennessee,270.524576784271,Mathematics,8
2003,Vermont,270.519439020331,Reading,8
2002,Massachusetts,270.518266591247,Reading,8
2005,DoDEA,270.508740857412,Reading,8
2009,California,270.448588146426,Mathematics,8
2009,West Virginia,270.415765915327,Mathematics,8
2009,Montana,270.393925995333,Reading,8
2007,California,270.381784005669,Mathematics,8
2017,Colorado,270.338688509674,Reading,8
2005,North Dakota,270.243755830946,Reading,8
2015,Minnesota,270.236817756262,Reading,8
2013,Idaho,270.224168550562,Reading,8
2002,Montana,270.165042334049,Reading,8
2011,Minnesota,270.148960241064,Reading,8
2007,New Jersey,270.141550284263,Reading,8
2007,West Virginia,270.084093587271,Mathematics,8
2009,South Dakota,270.06099022928,Reading,8
2013,Utah,270.041925765873,Reading,8
2005,Maine,269.983443790132,Reading,8
2003,South Dakota,269.971058609565,Reading,8
2015,Montana,269.956777592733,Reading,8
2002,Nebraska,269.948920609891,Reading,8
2007,Maine,269.920153818638,Reading,8
2005,Nevada,269.905585503685,Mathematics,8
2011,Maine,269.872413013173,Reading,8
2003,Montana,269.833415980195,Reading,8
2002,Maine,269.821249244155,Reading,8
2009,Minnesota,269.739820132507,Reading,8
2007,New Hampshire,269.734588561039,Reading,8
2003,North Dakota,269.73035434547,Reading,8
2009,New Mexico,269.704253797704,Mathematics,8
2003,Georgia,269.677009232403,Mathematics,8
2017,Idaho,269.673095440861,Reading,8
2005,New Hampshire,269.651270332586,Reading,8
2013,Kentucky,269.616471686598,Reading,8
2007,South Dakota,269.596763416027,Reading,8
2011,Wyoming,269.568729685871,Reading,8
2017,Pennsylvania,269.55382331575,Reading,8
2015,Wisconsin,269.533726363214,Reading,8
2015,Utah,269.430664700586,Reading,8
2015,Nebraska,269.426210864772,Reading,8
2005,New Jersey,269.423228138126,Reading,8
2017,New Mexico,269.374084020303,Mathematics,8
2017,Wisconsin,269.371456395493,Reading,8
2009,North Dakota,269.239984852546,Reading,8
2011,Mississippi,269.235645624753,Mathematics,8
2005,Montana,269.224129746888,Reading,8
2013,Nebraska,269.221914635868,Reading,8
2002,Virginia,269.197450536696,Reading,8
2013,Alabama,269.194280616502,Mathematics,8
2013,Maine,269.193764016326,Reading,8
2002,Kansas,269.11593569735,Reading,8
2005,West Virginia,269.099492803301,Mathematics,8
2011,Alabama,269.09651583719,Mathematics,8
2013,Ohio,269.086973442103,Reading,8
2017,Wyoming,269.020028155068,Reading,8
2013,Iowa,269.003449619325,Reading,8
2011,South Dakota,268.941537575366,Reading,8
2017,Maine,268.93063240911,Reading,8
2011,Kentucky,268.833963566714,Reading,8
2015,Wyoming,268.803363090763,Reading,8
2005,Vermont,268.772420626961,Reading,8
2007,Hawaii,268.772013351933,Mathematics,8
2017,Utah,268.7524196631,Reading,8
2015,Pennsylvania,268.746120751013,Reading,8
2011,North Dakota,268.694217893061,Reading,8
2009,Ohio,268.67823553327,Reading,8
2017,Minnesota,268.616822331955,Reading,8
2005,California,268.558128581435,Mathematics,8
2015,Idaho,268.553479550783,Reading,8
2005,South Dakota,268.540435645755,Reading,8
2017,Nebraska,268.528555260402,Reading,8
2009,Alabama,268.524120315168,Mathematics,8
2017,Ohio,268.450641614295,Reading,8
2015,Louisiana,268.432355132751,Mathematics,8
2015,Maine,268.391236298695,Reading,8
2005,Minnesota,268.356672871089,Reading,8
2003,Maine,268.323265177592,Reading,8
2002,Ohio,268.315861934206,Reading,8
2017,Alabama,268.312020240893,Mathematics,8
2011,Ohio,268.283949224188,Reading,8
2013,Oregon,268.282662715666,Reading,8
2015,Indiana,268.253467680035,Reading,8
2015,Iowa,268.200596266662,Reading,8
2007,Minnesota,268.197442761373,Reading,8
2000,Nevada,268.18159911998,Mathematics,8
2003,Tennessee,268.175728562365,Mathematics,8
2002,Washington,268.168154334937,Reading,8
2009,Wyoming,268.159428117446,Reading,8
2002,Oregon,268.144530470889,Reading,8
2005,Wyoming,268.124234884295,Reading,8
2013,South Dakota,268.100772835989,Reading,8
2002,North Dakota,268.090026516872,Reading,8
2015,Colorado,268.073225333677,Reading,8
2003,Nevada,268.04313771367,Mathematics,8
2007,North Dakota,268.017670542433,Reading,8
2011,Idaho,268.014671593394,Reading,8
2003,Virginia,268.004817111028,Reading,8
2007,Ohio,267.978979400559,Reading,8
2002,Missouri,267.909415312882,Reading,8
2015,Maryland,267.905529723763,Reading,8
2005,Virginia,267.808966738154,Reading,8
2003,New Jersey,267.786953088416,Reading,8
2013,North Dakota,267.779199654396,Reading,8
2015,Kentucky,267.772900145423,Reading,8
2005,Louisiana,267.755030846034,Mathematics,8
2011,Pennsylvania,267.750596675669,Reading,8
2017,Virginia,267.744778499104,Reading,8
2003,Minnesota,267.711358412271,Reading,8
2009,Maine,267.706499608477,Reading,8
2011,Nebraska,267.703865188972,Reading,8
2017,Iowa,267.675678851787,Reading,8
2015,Oregon,267.670519675172,Reading,8
2007,Pennsylvania,267.665630227785,Reading,8
2003,Colorado,267.592640864405,Reading,8
2013,Virginia,267.589864309109,Reading,8
2011,Washington,267.577473732317,Reading,8
2013,Wisconsin,267.542994187833,Reading,8
2007,New Mexico,267.538078662633,Mathematics,8
2003,Iowa,267.5048316647,Reading,8
2017,Kansas,267.490027797007,Reading,8
2005,Nebraska,267.455694338449,Reading,8
2007,Iowa,267.450719560442,Reading,8
2007,Kansas,267.413790936682,Reading,8
2003,Missouri,267.363673296442,Reading,8
2017,South Dakota,267.355726574154,Reading,8
2011,Kansas,267.336395789343,Reading,8
2009,Maryland,267.298056489004,Reading,8
2002,Delaware,267.274190158207,Reading,8
2013,Indiana,267.272974657765,Reading,8
2011,Virginia,267.272891187823,Reading,8
2015,Washington,267.250880666457,Reading,8
2017,Maryland,267.250532713498,Reading,8
2003,Connecticut,267.218075351081,Reading,8
2013,Missouri,267.215011778953,Reading,8
2017,Montana,267.208219320757,Reading,8
2011,Wisconsin,267.16702974162,Reading,8
2011,Utah,267.087406099162,Reading,8
2015,South Dakota,267.079864989695,Reading,8
2009,Nebraska,267.067856574245,Reading,8
2007,Connecticut,267.055691390062,Reading,8
2003,California,267.049500585455,Mathematics,8
2002,Connecticut,267.032072775447,Reading,8
2007,Nebraska,267.030850555401,Reading,8
2005,Iowa,267.003171685311,Reading,8
2003,Wyoming,267.00102854451,Reading,8
2015,North Dakota,266.95532299054,Reading,8
2017,Illinois,266.928549776657,Reading,8
2009,Washington,266.917617143622,Reading,8
2013,Illinois,266.898720958132,Reading,8
2013,Kansas,266.887523609855,Reading,8
2007,Virginia,266.878737486076,Reading,8
2009,Missouri,266.876460156868,Reading,8
2015,Missouri,266.876351831946,Reading,8
2009,Kentucky,266.854019810768,Reading,8
2015,Virginia,266.836053468874,Reading,8
2005,Kansas,266.831233242163,Reading,8
2005,Pennsylvania,266.821911059188,Reading,8
2015,Illinois,266.806728332711,Reading,8
2009,Kansas,266.799519310717,Reading,8
2005,Ohio,266.767281184036,Reading,8
2015,Kansas,266.76553060986,Reading,8
2011,Missouri,266.762051349691,Reading,8
2013,Rhode Island,266.677052388789,Reading,8
2003,Ohio,266.566105917826,Reading,8
2015,Alabama,266.555318518065,Mathematics,8
2017,Florida,266.553368977303,Reading,8
2017,Louisiana,266.506760283641,Mathematics,8
2002,Idaho,266.499769185748,Reading,8
2003,Wisconsin,266.468617636836,Reading,8
2003,Illinois,266.408968905567,Reading,8
2007,Colorado,266.407881623504,Reading,8
2000,South Carolina,266.353699525282,Mathematics,8
2013,New York,266.346063235407,Reading,8
2000,Georgia,266.332047317995,Mathematics,8
2017,Georgia,266.33044082589,Reading,8
2003,Louisiana,266.328359269062,Mathematics,8
2003,Nebraska,266.313690432675,Reading,8
2005,Wisconsin,266.228560789199,Reading,8
2007,Wyoming,266.22554358249,Reading,8
2017,Oregon,266.216684155209,Reading,8
2003,Kentucky,266.191435227824,Reading,8
2017,Missouri,266.035006915021,Reading,8
2003,Kansas,266.011689626198,Reading,8
2005,Delaware,266.00936537348,Reading,8
2007,Alabama,266.000109919931,Mathematics,8
2013,Delaware,265.984981498562,Reading,8
2013,Michigan,265.942963067388,Reading,8
2015,Ohio,265.879220258589,Reading,8
2011,Delaware,265.83947553632,Reading,8
2013,Florida,265.828297127322,Reading,8
2009,Wisconsin,265.812615742952,Reading,8
2017,District of Columbia,265.779770573735,Mathematics,8
2003,Arkansas,265.771589343076,Mathematics,8
2017,Rhode Island,265.767859953914,Reading,8
2003,Hawaii,265.728581015081,Mathematics,8
2007,Oregon,265.710210180337,Reading,8
2011,New York,265.69702830715,Reading,8
2009,Indiana,265.69124060951,Reading,8
2011,Illinois,265.643729382276,Reading,8
2009,Virginia,265.641981716133,Reading,8
2005,Hawaii,265.629319114115,Mathematics,8
2009,Utah,265.591577109328,Reading,8
2009,Colorado,265.51311994428,Reading,8
2017,Michigan,265.468927541301,Reading,8
2013,Tennessee,265.359504625647,Reading,8
2003,New York,265.329794503317,Reading,8
2002,Pennsylvania,265.320558357815,Reading,8
2013,District of Columbia,265.259365712508,Mathematics,8
2002,Kentucky,265.246740416014,Reading,8
2007,Maryland,265.240121492132,Reading,8
2011,Michigan,265.194041240472,Reading,8
2005,New York,265.138561817316,Reading,8
2017,Kentucky,265.133438043566,Reading,8
2011,Rhode Island,265.119556331117,Reading,8
2009,Oregon,265.08924671644,Reading,8
2017,North Dakota,265.081921805495,Reading,8
2015,Rhode Island,265.050857832059,Reading,8
2002,North Carolina,265.022858505901,Reading,8
2009,Mississippi,265.001958154729,Mathematics,8
2009,Delaware,264.998966063101,Reading,8
2007,Washington,264.947778144606,Reading,8
2002,Wyoming,264.938465791346,Reading,8
2007,Mississippi,264.890918700127,Mathematics,8
2009,Iowa,264.888126041644,Reading,8
2002,Indiana,264.888121113381,Reading,8
2007,Idaho,264.886342446047,Reading,8
2009,Idaho,264.837184984886,Reading,8
2003,Indiana,264.832532267553,Reading,8
2015,Tennessee,264.771228998921,Reading,8
2005,Colorado,264.758106095045,Reading,8
2011,Indiana,264.729844537772,Reading,8
2002,Michigan,264.72304587388,Reading,8
2005,Missouri,264.659368767086,Reading,8
2005,Washington,264.656551932316,Reading,8
2013,Georgia,264.615713463699,Reading,8
2011,Iowa,264.554527461826,Reading,8
2007,Delaware,264.544830664544,Reading,8
2013,North Carolina,264.540999710832,Reading,8
2003,Delaware,264.532051451005,Reading,8
2009,Illinois,264.514002261585,Reading,8
2015,Michigan,264.496755061626,Reading,8
2003,Washington,264.494066459256,Reading,8
2003,Idaho,264.439775716816,Reading,8
2003,Michigan,264.378292493388,Reading,8
2009,Florida,264.362040854787,Reading,8
2003,Utah,264.303442578174,Reading,8
2005,Idaho,264.301743791415,Reading,8
2009,New York,264.288057457975,Reading,8
2003,Pennsylvania,264.267365101484,Reading,8
2011,Oregon,264.225611626444,Reading,8
2007,Wisconsin,264.184509633385,Reading,8
2017,New York,264.15758419309,Reading,8
2007,Indiana,264.095960900362,Reading,8
2003,Oregon,264.025569883652,Reading,8
2005,Connecticut,264.012759246181,Reading,8
2002,New York,263.948636520536,Reading,8
2005,Kentucky,263.938418419941,Reading,8
2002,West Virginia,263.689781060585,Reading,8
2013,Texas,263.684137731278,Reading,8
2007,New York,263.54571646767,Reading,8
2005,Illinois,263.517029687837,Reading,8
2007,Missouri,263.442315999206,Reading,8
2000,Tennessee,263.436599688201,Mathematics,8
2015,Florida,263.383001406664,Reading,8
2002,Maryland,263.344864194438,Reading,8
2002,Utah,263.283637608256,Reading,8
2005,New Mexico,263.275162986677,Mathematics,8
2003,New Mexico,263.272906651625,Mathematics,8
2015,New York,263.247658592835,Reading,8
2005,Oregon,263.156890818544,Reading,8
2017,Delaware,263.089089818878,Reading,8
2015,District of Columbia,263.059776256545,Mathematics,8
2017,Arizona,262.957456729335,Reading,8
2011,North Carolina,262.928956255321,Reading,8
2007,Illinois,262.826617097915,Reading,8
2000,Hawaii,262.772560543574,Mathematics,8
2015,Arizona,262.769391809157,Reading,8
2017,North Carolina,262.720476897929,Reading,8
2015,Oklahoma,262.673145850428,Reading,8
2015,Delaware,262.613290731544,Reading,8
2017,California,262.520630021396,Reading,8
2005,Mississippi,262.456242710419,Mathematics,8
2011,Georgia,262.358643383963,Reading,8
2015,Georgia,262.268605314622,Reading,8
2007,Utah,262.228024678962,Reading,8
2005,Alabama,262.211100048323,Mathematics,8
2000,California,262.171026590943,Mathematics,8
2000,Alabama,262.15820551985,Mathematics,8
2011,Florida,262.121374840411,Reading,8
2002,Texas,262.100424202088,Reading,8
2017,Tennessee,262.046852903713,Reading,8
2002,Oklahoma,262.012002985815,Reading,8
2007,Kentucky,261.965950993654,Reading,8
2013,Arkansas,261.964490796451,Reading,8
2003,Alabama,261.939022225118,Mathematics,8
2013,Oklahoma,261.931495221637,Reading,8
2002,Rhode Island,261.903434341009,Reading,8
2009,Michigan,261.898150017122,Reading,8
2005,Utah,261.87087212251,Reading,8
2003,Oklahoma,261.719961000332,Reading,8
2003,North Carolina,261.71164481782,Reading,8
2013,Nevada,261.695982235772,Reading,8
2003,Maryland,261.595731939425,Reading,8
2013,California,261.502455658701,Reading,8
2013,South Carolina,261.449050699613,Reading,8
2011,Texas,261.428390874698,Reading,8
2000,Arkansas,261.363712665471,Mathematics,8
2011,Alaska,261.2852520164,Reading,8
2013,Alaska,261.256092625584,Reading,8
2017,Oklahoma,261.236933515587,Reading,8
2005,Michigan,261.138472348508,Reading,8
2002,Florida,261.053655909529,Reading,8
2005,Indiana,261.013686455544,Reading,8
2017,Hawaii,260.982318855375,Reading,8
2005,Rhode Island,260.968326762196,Reading,8
2009,Tennessee,260.946676191649,Reading,8
2003,Mississippi,260.911933580199,Mathematics,8
2003,Rhode Island,260.879572089782,Reading,8
2007,Texas,260.812919224922,Reading,8
2005,Maryland,260.78238344543,Reading,8
2015,Texas,260.655135980903,Reading,8
2015,North Carolina,260.594556550199,Reading,8
2011,District of Columbia,260.46687784992,Mathematics,8
2013,Arizona,260.448287236627,Reading,8
2009,Texas,260.368795018986,Reading,8
2017,Texas,260.342576542804,Reading,8
2015,South Carolina,260.331422813083,Reading,8
2007,Michigan,260.317706092973,Reading,8
2015,Alaska,260.317018773005,Reading,8
2011,South Carolina,260.307019898795,Reading,8
2002,Tennessee,260.276441370062,Reading,8
2009,Georgia,260.244524519648,Reading,8
2015,West Virginia,260.185272642999,Reading,8
2011,Arizona,260.148005213826,Reading,8
2002,Arkansas,260.134870734393,Reading,8
2011,Oklahoma,260.121264611744,Reading,8
2013,Hawaii,259.960569546835,Reading,8
2017,Arkansas,259.95579848311,Reading,8
2009,Rhode Island,259.885589729898,Reading,8
2000,New Mexico,259.844673042444,Mathematics,8
2017,Nevada,259.806407268129,Reading,8
2007,Florida,259.790720651776,Reading,8
2017,South Carolina,259.753002398086,Reading,8
2005,Oklahoma,259.631359955752,Reading,8
2003,West Virginia,259.564237912782,Reading,8
2007,Oklahoma,259.547225161046,Reading,8
2009,North Carolina,259.528486560755,Reading,8
2009,Oklahoma,259.495771007061,Reading,8
2009,Alaska,259.449426538116,Reading,8
2015,Nevada,259.417376365165,Reading,8
2011,Tennessee,259.208370713199,Reading,8
2007,Tennessee,259.161954905287,Reading,8
2011,Arkansas,259.140937770185,Reading,8
2007,North Carolina,259.136703088411,Reading,8
2005,Tennessee,259.072341834008,Reading,8
2015,California,258.986842564294,Reading,8
2000,Louisiana,258.98200182432,Mathematics,8
2007,Alaska,258.798455932602,Reading,8
2003,Texas,258.777257969241,Reading,8
2015,Arkansas,258.768267976658,Reading,8
2015,Alabama,258.753761500039,Reading,8
2005,Alaska,258.721274696008,Reading,8
2007,Georgia,258.70499279234,Reading,8
2017,West Virginia,258.700303604492,Reading,8
2011,Alabama,258.421090379483,Reading,8
2007,Rhode Island,258.321117711185,Reading,8
2011,Nevada,258.19326424884,Reading,8
2005,Texas,258.191597999486,Reading,8
2005,North Carolina,258.160185489234,Reading,8
2003,Tennessee,258.10836458389,Reading,8
2003,South Carolina,258.088991442805,Reading,8
2009,Arkansas,258.048580163614,Reading,8
2002,Georgia,258.005481643787,Reading,8
2003,Arkansas,257.998089007686,Reading,8
2007,Arkansas,257.96099580386,Reading,8
2003,Georgia,257.714824971911,Reading,8
2005,Arkansas,257.691731885046,Reading,8
2017,Alabama,257.686520320925,Reading,8
2017,Alaska,257.667496756549,Reading,8
2002,South Carolina,257.640782839043,Reading,8
2009,Arizona,257.595275452299,Reading,8
2013,Alabama,257.427838227608,Reading,8
2007,South Carolina,257.421202792973,Reading,8
2013,West Virginia,257.383509312362,Reading,8
2013,Louisiana,257.351242737394,Reading,8
2015,Hawaii,257.35043981355,Reading,8
2003,Florida,257.301319786896,Reading,8
2009,South Carolina,257.274184592561,Reading,8
2011,Hawaii,257.188010446519,Reading,8
2005,South Carolina,257.16910456442,Reading,8
2005,Georgia,256.872381537265,Reading,8
2017,Louisiana,256.751471206395,Reading,8
2002,Arizona,256.734911435366,Reading,8
2003,Alaska,256.409625298838,Reading,8
2017,Mississippi,256.344701137275,Reading,8
2002,Louisiana,256.268351413193,Reading,8
2011,West Virginia,256.106861556751,Reading,8
2013,New Mexico,255.870077046042,Reading,8
2011,New Mexico,255.86163460115,Reading,8
2005,Florida,255.779970004926,Reading,8
2017,New Mexico,255.578543060787,Reading,8
2015,Louisiana,255.469417777569,Reading,8
2003,Arizona,255.320115210993,Reading,8
2005,West Virginia,255.0733795631,Reading,8
2002,Mississippi,255.021192735284,Reading,8
2003,Mississippi,255.010828024612,Reading,8
2007,West Virginia,254.998552385478,Reading,8
2011,California,254.935218336086,Reading,8
2009,Alabama,254.89524659554,Reading,8
2007,Arizona,254.828792354004,Reading,8
2009,West Virginia,254.799747493408,Reading,8
2005,Arizona,254.787938225175,Reading,8
2009,Hawaii,254.738979931593,Reading,8
2011,Louisiana,254.688347843905,Reading,8
2009,New Mexico,254.129173669956,Reading,8
2000,Mississippi,254.033900269054,Mathematics,8
2009,Nevada,253.84095441963,Reading,8
2011,Mississippi,253.833440432713,Reading,8
2002,New Mexico,253.662756337578,Reading,8
2009,District of Columbia,253.595186871272,Mathematics,8
2003,Louisiana,253.448288243581,Reading,8
2009,Louisiana,253.329004007468,Reading,8
2007,Louisiana,253.238294281289,Reading,8
2015,New Mexico,253.227767643793,Reading,8
2003,Alabama,253.172593739071,Reading,8
2013,Mississippi,253.147818177655,Reading,8
2005,Nevada,252.86906252292,Reading,8
2005,Louisiana,252.691593269226,Reading,8
2009,California,252.631380782334,Reading,8
2002,Alabama,252.501705397306,Reading,8
2007,Nevada,252.348473866768,Reading,8
2003,Nevada,252.309915677623,Reading,8
2005,Alabama,251.978391189903,Reading,8
2015,Mississippi,251.976165209278,Reading,8
2007,Alabama,251.936881437536,Reading,8
2002,Hawaii,251.613131557334,Reading,8
2003,New Mexico,251.599155965354,Reading,8
2002,Nevada,251.363200981162,Reading,8
2007,Hawaii,251.330810691924,Reading,8
2009,Mississippi,251.305654614612,Reading,8
2007,California,251.287791535591,Reading,8
2003,Hawaii,251.284801856226,Reading,8
2005,New Mexico,251.033330748445,Reading,8
2003,California,251.007500405859,Reading,8
2007,New Mexico,250.75317445253,Reading,8
2005,Mississippi,250.530668896407,Reading,8
2002,California,250.450803271288,Reading,8
2005,California,250.431056381298,Reading,8
2007,Mississippi,250.063570104392,Reading,8
2005,Hawaii,248.505423021221,Reading,8
2007,District of Columbia,248.198742417967,Mathematics,8
2013,District of Columbia,247.739153738325,Reading,8
2015,District of Columbia,247.653444946724,Reading,8
2017,District of Columbia,246.78775540229,Reading,8
2005,District of Columbia,245.215780768922,Mathematics,8
2003,District of Columbia,243.059638247651,Mathematics,8
2009,District of Columbia,242.490424305314,Reading,8
2011,District of Columbia,242.056368171996,Reading,8
2007,District of Columbia,240.793624795109,Reading,8
2002,District of Columbia,239.810524714068,Reading,8
2003,District of Columbia,238.700733278197,Reading,8
2005,District of Columbia,238.20309296003,Reading,8
2000,District of Columbia,234.428798057957,Mathematics,8
