STATE,ST,YEAR,ENROLL,TOTAL_REVENUE,FEDERAL_REVENUE,STATE_REVENUE,LOCAL_REVENUE,TOTAL_EXPENDITURE,INSTRUCTION_EXPENDITURE,SUPPORT_SERVICES_EXPENDITURE,OTHER_EXPENDITURE,CAPITAL_OUTLAY_EXPENDITURE
Alabama,AL,2000,730184.0,4885917,425978,3003814,1456125,5003267,2551713,1319053,395909.0,663903
Alabama,AL,2001,728532.0,4832946,466150,2879636,1487160,5086045,2656393,1374265,426481.0,540284
Alabama,AL,2002,726367.0,5128559,508425,3010983,1609151,5147821,2720735,1414594,418949.0,496146
Alabama,AL,2003,727900.0,5196054,567704,2966981,1661369,5298932,2817111,1521462,424662.0,432279
Alabama,AL,2004,730418.0,5356113,625666,2971520,1758927,5450269,2875595,1580654,433522.0,449619
Alabama,AL,2005,729342.0,5889966,665924,3247562,1976480,5904664,3053380,1744013,462605.0,511944
Alabama,AL,2006,743265.0,6364028,730112,3540436,2093480,6591429,3326656,1983482,485936.0,666550
Alabama,AL,2007,743273.0,7069040,689072,4070949,2309019,7196459,3653466,2174210,546077.0,687816
Alabama,AL,2008,742919.0,7726213,711391,4649053,2365769,7847387,3947003,2373070,564746.0,816799
Alabama,AL,2009,745668.0,7186390,728795,4161103,2296492,7815467,3836398,2331552,561019.0,924956
Alabama,AL,2010,748889.0,7281058,1134111,3800128,2346819,7647571,3900492,2308399,555539.0,729720
Alabama,AL,2011,746933.0,7376725,1077070,3965614,2334041,7411768,3844055,2295909,559140.0,564183
Alabama,AL,2012,744621.0,7136949,789954,3948651,2398344,7222161,3695221,2239569,558658.0,580949
Alabama,AL,2013,744548.0,7197439,811739,3898347,2487353,7487741,3747993,2317243,576737.0,643522
Alabama,AL,2014,740081.0,7357267,794090,4031547,2531630,7587737,3824295,2390530,587642.0,580934
Alabama,AL,2015,734974.0,7360222,795238,4080167,2484817,7501799,3817479,2414860,594283.0,510091
Alabama,AL,2016,734652.0,7498567,797631,4097696,2603240,7708845,3865453,2439634,602452.0,610743
Alaska,AK,2000,132822.0,1313510,199520,774194,339796,1386904,717725,417637,46782.0,184546
Alaska,AK,2001,131985.0,1325498,229297,732985,363216,1402839,701053,479510,48312.0,150279
Alaska,AK,2002,133010.0,1377767,249222,773418,355127,1523327,747223,485124,50601.0,215409
Alaska,AK,2003,133303.0,1425948,259423,813371,353154,1610289,763525,514052,55715.0,247005
Alaska,AK,2004,133153.0,1477152,286447,809810,380895,1647250,775069,527349,54475.0,255826
Alaska,AK,2005,132568.0,1599739,302846,878731,418162,1751718,829666,559084,55782.0,268700
Alaska,AK,2006,132893.0,1625138,289855,918976,416307,1817656,871434,601197,58037.0,236931
Alaska,AK,2007,132197.0,1800616,282270,1052357,465989,1938755,927307,645857,60699.0,257723
Alaska,AK,2008,130624.0,2188587,303399,1419318,465870,2274819,1113396,740000,65654.0,307512
Alaska,AK,2009,130236.0,2158970,312667,1357747,488556,2396412,1129756,832783,70835.0,303165
Alaska,AK,2010,131265.0,2230338,366970,1356673,506695,2371251,1151630,856333,71634.0,229874
Alaska,AK,2011,131704.0,2357828,420152,1416163,521513,2443898,1215062,908567,81031.0,180137
Alaska,AK,2012,130771.0,2383402,352005,1507913,523484,2483320,1255757,947153,82607.0,145219
Alaska,AK,2013,131091.0,2545117,320938,1707449,516730,2665933,1324649,982442,87165.0,248505
Alaska,AK,2014,130539.0,2663647,309525,1824373,529749,2727056,1346457,982843,86314.0,269107
Alaska,AK,2015,130755.0,2920986,344111,2026555,550320,2968341,1484610,1068849,92766.0,281914
Alaska,AK,2016,132477.0,2494691,307320,1613675,573696,2623014,1251738,983877,91536.0,255041
Arizona,AZ,2000,814807.0,5479168,534619,2481089,2463460,5397194,2488932,1573568,270671.0,768425
Arizona,AZ,2001,834387.0,5916342,580043,2729793,2606506,5858385,2538936,1701945,269157.0,1035457
Arizona,AZ,2002,859588.0,6192222,619869,2825228,2747125,6018188,2659448,1833852,286945.0,966925
Arizona,AZ,2003,875111.0,6529894,740579,2912629,2876686,6210287,2810907,1964229,303924.0,864642
Arizona,AZ,2004,895927.0,7117923,835464,3181009,3101450,6731212,3224647,2115629,332228.0,829146
Arizona,AZ,2005,919875.0,7550109,897553,3320196,3332360,7136794,3423716,2264931,351097.0,861286
Arizona,AZ,2006,947266.0,8084068,963600,3635388,3485080,7934177,3733989,2436340,392902.0,1143569
Arizona,AZ,2007,969875.0,8724434,953861,4204089,3566484,8709531,3977800,2656438,403069.0,1436673
Arizona,AZ,2008,987332.0,9272152,989340,4458836,3823976,9581201,4251747,2878922,443634.0,1571620
Arizona,AZ,2009,981303.0,8802515,1044140,3806064,3952311,9580393,4296503,2983729,455403.0,1312659
Arizona,AZ,2010,963517.0,8828122,1579806,3139588,4108728,8812967,4223152,2949514,400773.0,713810
Arizona,AZ,2011,946571.0,8429186,1245814,3054501,4128871,8610417,3977772,2935127,350633.0,741124
Arizona,AZ,2012,942738.0,7934798,1050228,2845535,4039035,8054662,3917564,2856528,360929.0,699033
Arizona,AZ,2013,941726.0,8164324,1178356,2934165,4051803,7600581,3824071,2643742,368750.0,558466
Arizona,AZ,2014,943937.0,8361708,1102980,3182285,4076443,8109460,3902565,2858103,461316.0,678228
Arizona,AZ,2015,944978.0,8230507,1093834,3232013,3904660,7902600,3846357,2880184,478876.0,497662
Arizona,AZ,2016,938274.0,8503034,1160908,3440726,3901400,7987011,3872250,2913176,490641.0,528694
Arkansas,AR,2000,450751.0,2844855,254735,2126099,464021,2683400,1531232,804253,138220.0,146666
Arkansas,AR,2001,449693.0,2974588,274406,2135281,564901,2951677,1616883,877225,153300.0,235346
Arkansas,AR,2002,449161.0,3147921,331069,2334551,482301,3087453,1697645,910208,165003.0,239177
Arkansas,AR,2003,450158.0,3241275,379947,2394336,466992,3242799,1768713,972598,170767.0,247245
Arkansas,AR,2004,453491.0,3385818,423001,2430731,532086,3539569,1863515,1036279,182711.0,362154
Arkansas,AR,2005,461667.0,3978240,447012,2995788,535440,3999608,2118580,1173643,200865.0,393713
Arkansas,AR,2006,472609.0,4247664,482038,3108910,656716,4343877,2265821,1297593,211065.0,449548
Arkansas,AR,2007,474532.0,4415981,483689,3319030,613262,4779308,2337748,1378576,450454.0,470562
Arkansas,AR,2008,476110.0,4608356,488378,3487063,632915,4720720,2388502,1462092,248189.0,463449
Arkansas,AR,2009,474423.0,4753142,534510,3530487,688145,5017352,2417974,1492691,533057.0,409763
Arkansas,AR,2010,474897.0,5069272,787738,3677112,604422,5520387,2521528,1595730,639753.0,595456
Arkansas,AR,2011,475551.0,5176362,827026,3701224,648112,5669431,2559292,1655684,676591.0,605857
Arkansas,AR,2012,475671.0,5169926,666267,3823172,680487,5299969,2548056,1683928,277927.0,612420
Arkansas,AR,2013,477716.0,5067546,572096,3847045,648405,5226339,2545564,1694335,281692.0,533975
Arkansas,AR,2014,479881.0,5193218,552738,4006889,633591,5242672,2609867,1753929,282078.0,424314
Arkansas,AR,2015,479682.0,5308625,581412,4075118,652095,5350543,2620399,1772639,290396.0,511556
Arkansas,AR,2016,479177.0,5401016,593656,4122377,684983,5434193,2658253,1802769,289916.0,518181
California,CA,2000,5941946.0,46628207,4024940,26877920,15725347,45829753,23514388,12429070,2269603.0,5849441
California,CA,2001,6045030.0,53288943,4280358,31374889,17633696,52082540,26641811,14127664,2570224.0,6755895
California,CA,2002,6136915.0,54727056,5084409,31005317,18637330,56464225,28593157,15568570,2882414.0,6998522
California,CA,2003,6226552.0,59815855,5795655,33617766,20402434,59749885,29561563,17030335,2995767.0,7341541
California,CA,2004,6284502.0,60162326,6634068,31756690,21771568,62647953,29624968,17338877,3048006.0,9242549
California,CA,2005,6307022.0,62171797,7148863,34912166,20110768,66196072,31070450,18046385,3132465.0,10223657
California,CA,2006,6295994.0,66302860,7421482,37439651,21441727,68722432,32387671,19079354,3259244.0,10047331
California,CA,2007,6288686.0,72516936,7200298,42333637,22983001,73225422,34685013,20655194,3467540.0,10058842
California,CA,2008,6258421.0,74626928,7227456,43187637,24211835,76618865,36542347,22310865,3692956.0,9388155
California,CA,2009,6234155.0,73958896,9745250,40084244,24129402,74766086,35617964,21693675,3759373.0,8881265
California,CA,2010,6213958.0,67356719,9715980,34173911,23466828,71227111,34657275,20704755,3556156.0,7150441
California,CA,2011,6202604.0,70953331,9990221,37752712,23210398,69847705,34225248,20266047,3486160.0,6523770
California,CA,2012,6203034.0,69016392,8793325,36413273,23809794,70191877,34213049,20393761,3488344.0,6736656
California,CA,2013,6208733.0,68868516,7836263,35141208,25891045,69727119,34194878,20595508,3461759.0,6160059
California,CA,2014,6224685.0,72389126,7415061,38410554,26563511,72506810,35539425,21594573,3581789.0,6124103
California,CA,2015,6226523.0,78248042,7556365,42360470,28331207,78365958,38951948,23501848,3754315.0,6373893
California,CA,2016,6217031.0,89217262,7709079,50904567,30603616,85320133,42587272,26058021,3995951.0,6786142
Colorado,CO,2000,707436.0,5073266,266207,2083318,2723741,5444193,2539372,1674044,191201.0,782711
Colorado,CO,2001,723696.0,5372784,292518,2222723,2857543,5727966,2709184,1844900,209212.0,672080
Colorado,CO,2002,741319.0,5849588,338856,2460333,3050399,6237142,2963406,1967267,225545.0,779315
Colorado,CO,2003,751049.0,6297242,400219,2715219,3181804,6685029,3168745,2149761,236480.0,821129
Colorado,CO,2004,756319.0,6527456,435102,2834744,3257610,6869975,3232723,2190563,245429.0,859189
Colorado,CO,2005,765388.0,6910296,472246,2954915,3483135,7284280,3380399,2343655,260280.0,918985
Colorado,CO,2006,778842.0,7295561,520673,3087795,3687093,7803324,3562901,2518038,298896.0,1024225
Colorado,CO,2007,790211.0,7689014,529854,3307016,3852144,8039146,3782300,2483095,286754.0,1083411
Colorado,CO,2008,796824.0,8070129,543952,3398303,4127874,8884786,4221868,2765773,314078.0,1157579
Colorado,CO,2009,812068.0,8310673,560538,3634018,4116117,8682489,4108304,2708535,330128.0,1035058
Colorado,CO,2010,825242.0,8793676,714230,3817875,4261571,8914338,4232076,2807231,330789.0,1011988
Colorado,CO,2011,834832.0,8747471,969288,3493923,4284260,8676451,4204486,2804955,338267.0,827354
Colorado,CO,2012,843120.0,8616009,705634,3702427,4207948,8472536,4174705,2751179,353940.0,697434
Colorado,CO,2013,851063.0,8826868,696266,3693829,4436773,8699125,4292898,2773716,365228.0,758041
Colorado,CO,2014,865231.0,9162406,681230,3961719,4519457,9286626,4470568,3002964,373620.0,932776
Colorado,CO,2015,872320.0,9648297,715254,4354525,4578518,9557682,4578938,3170482,397263.0,923360
Colorado,CO,2016,880678.0,10123271,713914,4365019,5044338,9878524,4786838,3333043,399899.0,880204
Connecticut,CT,2000,530363.0,5884078,234321,2298931,3350826,5605280,3189123,1634888,180639.0,369278
Connecticut,CT,2001,537521.0,6331569,256685,2389572,3685312,5987680,3360042,1748476,231240.0,385785
Connecticut,CT,2002,543829.0,6644334,288620,2490036,3865678,6475918,3570517,1847167,241930.0,542302
Connecticut,CT,2003,548466.0,6959891,351001,2481901,4126989,6751815,3721466,1951609,252325.0,539870
Connecticut,CT,2004,552505.0,7276945,358769,2520724,4397452,7087023,3896977,2044339,267004.0,587992
Connecticut,CT,2005,552512.0,7898694,401558,2886076,4611060,7452057,4177845,2200133,277388.0,496778
Connecticut,CT,2006,549744.0,8436197,388080,3148507,4899610,7982143,4406855,2354944,290868.0,603391
Connecticut,CT,2007,549230.0,8913149,386553,3299175,5227421,8685421,4610572,2503468,311943.0,913165
Connecticut,CT,2008,544417.0,9322225,386592,3520752,5414881,9046750,4878853,2669596,313708.0,826090
Connecticut,CT,2009,539250.0,9681268,403017,3606594,5671657,9323053,5054397,2805173,330685.0,763075
Connecticut,CT,2010,534800.0,9726922,818573,3238401,5669948,9542108,5242817,2768520,331600.0,823081
Connecticut,CT,2011,530132.0,9783168,796156,3185501,5801511,9439182,5363942,2844490,333756.0,516116
Connecticut,CT,2012,522451.0,10070907,509564,3735476,5825867,9791336,5485615,2932123,345177.0,637389
Connecticut,CT,2013,517812.0,10319361,434543,3870444,6014374,9758850,5562212,2966636,359881.0,487318
Connecticut,CT,2014,511082.0,10743919,420593,4141590,6181736,10201500,5889381,3128453,343615.0,447290
Connecticut,CT,2015,505366.0,11099837,444073,4353546,6302218,10542667,6006275,3233901,362941.0,530491
Connecticut,CT,2016,499494.0,11419673,468595,4411204,6539874,10826431,6110631,3307162,380996.0,620905
Delaware,DE,2000,112743.0,1098555,69540,716375,312640,1040480,571982,313410,42630.0,79176
Delaware,DE,2001,112055.0,1153831,77483,754926,321422,1175717,613955,349525,45976.0,132922
Delaware,DE,2002,111331.0,1180255,86532,764350,329373,1246284,645895,352551,51060.0,154186
Delaware,DE,2003,111282.0,1242436,91986,794472,355978,1317447,673997,367660,53399.0,171247
Delaware,DE,2004,111520.0,1334523,104492,827110,402921,1373416,709545,393664,57010.0,158252
Delaware,DE,2005,112562.0,1431710,106513,894498,430699,1480157,761786,424220,62086.0,172879
Delaware,DE,2006,114371.0,1544615,109044,969809,465762,1646885,817872,467410,64658.0,227679
Delaware,DE,2007,114678.0,1694929,102114,1071957,520858,1705204,825084,481610,68343.0,245757
Delaware,DE,2008,114062.0,1694998,104304,1037624,553070,1746925,852701,494996,72590.0,241390
Delaware,DE,2009,116804.0,1718993,109682,1047418,561893,1798244,877678,496383,80812.0,254460
Delaware,DE,2010,117628.0,1733458,180584,992422,560452,1758988,901200,499586,79328.0,192826
Delaware,DE,2011,119878.0,1759170,192182,1010026,556962,1808905,964284,497158,89576.0,182497
Delaware,DE,2012,118624.0,1855867,183793,1090060,582014,1915966,1053066,531313,105134.0,149584
Delaware,DE,2013,118685.0,1930466,151096,1124112,655258,1924626,1030897,560882,97722.0,157935
Delaware,DE,2014,120623.0,1954374,133055,1137764,683555,1988535,1050647,582448,103583.0,171618
Delaware,DE,2015,121845.0,2017075,137544,1142333,737198,1975093,1072395,583951,122741.0,103129
Delaware,DE,2016,121225.0,2043577,134412,1172219,736946,2041952,1126775,588181,130187.0,104579
District of Columbia,,2000,70762.0,881423,184825,0,696598,858807,318260,429891,23107.0,87549
District of Columbia,,2001,68925.0,1042261,114876,0,927385,1026146,412276,394656,35108.0,184106
District of Columbia,,2002,68449.0,1138126,141514,0,996612,1145684,452905,431693,42192.0,218894
District of Columbia,,2003,67522.0,1114061,152599,0,961462,1105963,473414,406078,32193.0,194278
District of Columbia,,2004,65099.0,1081501,167020,0,914481,1087040,515377,397800,36180.0,128227
District of Columbia,,2005,62306.0,1109605,167922,0,941683,1085658,459063,450060,38671.0,134417
District of Columbia,,2006,59616.0,1092863,127371,0,965492,1081887,478688,433933,39503.0,126807
District of Columbia,,2007,56943.0,1148358,134700,0,1013658,1140506,491992,437772,40703.0,167103
District of Columbia,,2008,58191.0,1224312,85568,0,1138744,1224785,520090,439197,43032.0,202768
District of Columbia,,2009,44331.0,801008,75856,0,725152,805362,330698,370127,38514.0,66023
District of Columbia,,2010,43866.0,1195934,80585,0,1115349,1290048,526469,425379,40837.0,297363
District of Columbia,,2011,44199.0,1283071,155505,0,1127566,1297175,525185,389526,56132.0,326332
District of Columbia,,2012,44618.0,1331006,137742,0,1193264,1189542,594156,266716,44780.0,283890
District of Columbia,,2013,44179.0,1300036,129874,0,1170162,1308438,559940,332997,39825.0,375676
District of Columbia,,2014,44942.0,1342220,134959,0,1207261,1313289,503349,375966,34409.0,399565
District of Columbia,,2015,46155.0,1382282,146366,0,1235916,1360942,557345,379854,41841.0,381902
District of Columbia,,2016,48336.0,1329719,154922,0,1174797,1322563,594396,369131,43753.0,315283
Florida,FL,2000,2377271.0,17558787,1398757,8804217,7355813,17180954,7751117,5113323,1151140.0,2792662
Florida,FL,2001,2431884.0,18467090,1563902,9120855,7782333,18389394,8412975,5514993,1197780.0,2868679
Florida,FL,2002,2500179.0,18541689,1762460,8542871,8236358,19051049,8781232,5589428,1245146.0,2999914
Florida,FL,2003,2536699.0,19549835,1956803,8689141,8903891,20180142,9622598,5938231,1225274.0,2924134
Florida,FL,2004,2592997.0,21623923,2174314,9593760,9855849,21896220,10411050,6317387,1298226.0,3365514
Florida,FL,2005,2645280.0,23216404,2328513,9940813,10947078,23857012,11270907,6876508,1363005.0,3803764
Florida,FL,2006,2663973.0,25423686,2460004,10215772,12747910,26609155,12211602,7492039,1437303.0,4860930
Florida,FL,2007,2656176.0,28898362,2489027,11578932,14830403,29849892,13476109,8136539,1515095.0,5992654
Florida,FL,2008,2645680.0,30001821,2480218,11830218,15691385,31219589,14392625,8465282,1558863.0,5980134
Florida,FL,2009,2623067.0,26494500,2694566,9047586,14752348,28867429,13884278,8067350,1546420.0,4533913
Florida,FL,2010,2627390.0,26231141,4200103,8216582,13814456,27267009,13869921,8069310,1573867.0,2944085
Florida,FL,2011,2636404.0,26453693,4710376,9069119,12674198,26991946,14284224,8077593,1637138.0,2217069
Florida,FL,2012,2658559.0,24139266,3068321,8702317,12368628,25352047,13558844,7607362,1622628.0,1837264
Florida,FL,2013,2680074.0,24681548,3027018,9455562,12198968,25245400,13833236,7622221,1689414.0,1411455
Florida,FL,2014,2708022.0,26077462,3112027,10460928,12504507,26523658,14542370,7948773,1788820.0,1468023
Florida,FL,2015,2743641.0,26971491,3118041,10661586,13191864,27277049,14931173,8186082,1816178.0,1681665
Florida,FL,2016,2776933.0,28125598,3147329,10963807,14014462,27945116,15212112,8286140,1841593.0,1983363
Georgia,GA,2000,1422941.0,11197766,710741,5406709,5080316,10884510,5701293,2931538,546396.0,1520834
Georgia,GA,2001,1444937.0,12271962,758799,5945868,5567295,11853800,6336556,3131291,566956.0,1620496
Georgia,GA,2002,1470634.0,13042229,904826,6361710,5775693,12690343,6894589,3341604,616115.0,1659378
Georgia,GA,2003,1495819.0,13524807,1051973,6551699,5921135,13516783,7352918,3615906,649880.0,1705482
Georgia,GA,2004,1522424.0,14136215,1201843,6333305,6601067,13779680,7492703,3675160,659431.0,1767711
Georgia,GA,2005,1552758.0,14724731,1375318,6449103,6900310,14492666,7886069,3954215,658022.0,1794894
Georgia,GA,2006,1597682.0,16165924,1455212,7136011,7574701,15839227,8583817,4432252,708588.0,1930006
Georgia,GA,2007,1628409.0,17755989,1475463,7907177,8373349,17389530,9507096,4672304,757339.0,2271958
Georgia,GA,2008,1646010.0,18683630,1449557,8432720,8801353,19172087,10289480,5115445,813562.0,2703375
Georgia,GA,2009,1649598.0,17972839,1644548,7739086,8589205,19025136,10063924,5135180,837062.0,2712073
Georgia,GA,2010,1660643.0,17839851,2598486,6739406,8501959,17834488,9841382,5059938,822517.0,1814143
Georgia,GA,2011,1666039.0,18030043,2267161,7492489,8270393,17187481,9671343,5005101,874605.0,1368395
Georgia,GA,2012,1669156.0,17559894,1862297,7455147,8242450,17400209,9611118,5043644,917885.0,1566020
Georgia,GA,2013,1682620.0,17459504,1805878,7580785,8072841,17317504,9555687,4956142,932291.0,1632844
Georgia,GA,2014,1699185.0,17821620,1804212,7837335,8180073,17668352,9635641,5197804,967343.0,1642099
Georgia,GA,2015,1717805.0,18584666,1831221,8310872,8442573,18501103,10081483,5324072,996277.0,1879063
Georgia,GA,2016,1727085.0,19403453,1807371,8771192,8824890,19158388,10534931,5554271,1029127.0,1834767
Hawaii,HI,2000,185860.0,1404895,127042,1247256,30597,1363511,765134,373038,109367.0,115972
Hawaii,HI,2001,184360.0,1682332,140953,1511318,30061,1363164,732512,412203,105505.0,112944
Hawaii,HI,2002,184546.0,1889600,170152,1684226,35222,1436637,815123,457784,121615.0,42115
Hawaii,HI,2003,183829.0,2078877,170377,1873318,35182,1602392,888473,521929,128941.0,63049
Hawaii,HI,2004,183609.0,2138137,236470,1850737,50930,1734591,943647,544864,129740.0,116340
Hawaii,HI,2005,183185.0,2274166,236973,1986615,50578,1765805,1007207,559178,137949.0,61471
Hawaii,HI,2006,182818.0,2705532,225393,2431735,48404,1939968,1077351,643718,143911.0,74988
Hawaii,HI,2007,180728.0,2985593,256696,2681049,47848,2199604,1177781,732536,151243.0,138044
Hawaii,HI,2008,179897.0,2541703,310732,2154313,76658,2242408,1281836,742938,123179.0,94455
Hawaii,HI,2009,179478.0,2689758,392837,2205032,91889,2318671,1402305,718309,129473.0,68584
Hawaii,HI,2010,180196.0,2564856,382400,2093300,89156,2215458,1321657,697833,123051.0,72917
Hawaii,HI,2011,179601.0,2499513,347363,2088870,63280,2259104,1253534,786284,133810.0,85476
Hawaii,HI,2012,182706.0,2535038,318728,2161254,55056,2344733,1262938,814511,143188.0,124096
Hawaii,HI,2013,184760.0,2331770,310778,1962923,58069,2345917,1283872,770643,144746.0,146656
Hawaii,HI,2014,186825.0,2696766,286988,2354601,55177,2504144,1386369,798677,145898.0,173200
Hawaii,HI,2015,182384.0,2703683,259390,2381547,62746,2521004,1377713,835930,145560.0,161801
Hawaii,HI,2016,181995.0,3030519,261131,2710361,59027,2733094,1468044,901508,146892.0,216650
Idaho,ID,2000,245226.0,1452222,109898,888384,453940,1467977,798629,425211,59735.0,153472
Idaho,ID,2001,243926.0,1571348,123520,964414,483414,1535485,853733,461819,64896.0,124442
Idaho,ID,2002,244937.0,1625444,138930,988386,498128,1666027,896815,499035,67785.0,167918
Idaho,ID,2003,248515.0,1685984,162530,994022,529432,1726941,924434,510284,69672.0,185850
Idaho,ID,2004,252037.0,1733838,177528,1007906,548404,1744954,943113,507529,72821.0,183197
Idaho,ID,2005,253782.0,1796035,192039,1023550,580446,1819519,989703,531569,77321.0,181622
Idaho,ID,2006,258314.0,1875346,201040,1046128,628178,1903720,1027985,557225,82623.0,189807
Idaho,ID,2007,262935.0,2011951,202977,1338182,470792,1960472,1069134,590192,86738.0,163583
Idaho,ID,2008,265844.0,2151476,205035,1409151,537290,2001328,1124302,627415,94898.0,93431
Idaho,ID,2009,267951.0,2182273,218777,1459554,503942,2078446,1157633,646213,100576.0,111190
Idaho,ID,2010,266613.0,2177999,444112,1231537,502350,2098737,1159932,638912,100157.0,135181
Idaho,ID,2011,265713.0,2089982,292602,1320153,477227,1960818,1104553,613667,98963.0,83524
Idaho,ID,2012,267556.0,1981482,266087,1238989,476406,1911706,1073312,609786,102831.0,69239
Idaho,ID,2013,272070.0,2015534,237912,1278155,499467,1967676,1113400,631575,107264.0,62882
Idaho,ID,2014,281452.0,2084970,232593,1319582,532795,2012852,1108768,650395,109175.0,91323
Idaho,ID,2015,274131.0,2167967,232449,1381205,554313,2029520,1130814,663005,108684.0,75680
Idaho,ID,2016,274849.0,2266490,240322,1454830,571338,2100980,1171313,689190,111297.0,74932
Illinois,IL,2000,2003839.0,17595047,1283052,6344130,9967865,18073190,8738312,5245226,716792.0,2467748
Illinois,IL,2001,2025249.0,18534372,1411096,6637462,10485814,19337580,9317202,5702703,664402.0,2637635
Illinois,IL,2002,2047836.0,19084554,1438287,6808150,10838117,20563001,9904454,6025120,683101.0,2897117
Illinois,IL,2003,2062664.0,19627346,1618724,6792637,11215985,21278177,10409933,6336325,706758.0,2727980
Illinois,IL,2004,2079027.0,21082441,1752663,7265072,12064706,21681903,10829189,6608575,737667.0,2342761
Illinois,IL,2005,2072437.0,21611180,1835598,7152163,12623419,22035569,11063949,6900767,755227.0,2137191
Illinois,IL,2006,2097585.0,22724326,1886721,7144629,13692976,22622323,11327481,7242674,818234.0,2021097
Illinois,IL,2007,2101075.0,23897153,1862627,7566377,14468149,23401917,11692204,7509591,834000.0,2082140
Illinois,IL,2008,2099118.0,25431714,1996023,8357924,15077767,25696866,12676038,8161836,885452.0,2559210
Illinois,IL,2009,2117291.0,26987426,3346509,7879160,15761757,27716187,13520105,8764971,932950.0,2884993
Illinois,IL,2010,2098401.0,28253620,3809939,8696107,15747574,28560306,14668228,9146295,961079.0,1944264
Illinois,IL,2011,2072114.0,29507584,2894897,10030682,16582005,28525858,14636402,9271610,922651.0,1884866
Illinois,IL,2012,2071481.0,29900021,2430413,10142137,17327471,29067543,14896596,9358604,956171.0,2032447
Illinois,IL,2013,2069823.0,30057886,2311235,10382540,17364111,29517831,15285224,9509657,986182.0,1942608
Illinois,IL,2014,2060632.0,31085621,2301827,11163462,17620332,31080869,16323537,10012961,975999.0,1999969
Illinois,IL,2015,2047123.0,32096832,2262192,11858968,17975672,32410033,17313173,10279691,992075.0,2056951
Illinois,IL,2016,2030717.0,32908958,2331724,12053316,18523918,33037244,17804976,10426170,992684.0,2015647
Indiana,IN,2000,987214.0,8489991,426266,4300608,3763109,8518477,4143020,2373445,375026.0,841171
Indiana,IN,2001,987854.0,9124748,444861,4590018,4089869,8991877,4364661,2553481,395908.0,832585
Indiana,IN,2002,994348.0,9273957,523331,4446730,4303896,9353054,4586033,2650367,365778.0,875596
Indiana,IN,2003,999713.0,8246076,582940,4569923,3093213,9777720,4785880,2848989,377679.0,859389
Indiana,IN,2004,1005587.0,10423578,651058,5044543,4727977,10312694,5005025,2986672,400765.0,913045
Indiana,IN,2005,1014528.0,11653165,708922,5224277,5719966,11071431,5343758,3228234,413599.0,982893
Indiana,IN,2006,1026106.0,11578988,740036,5380185,5458767,11260755,5348450,3313154,424213.0,985099
Indiana,IN,2007,1034588.0,10458932,765168,5224450,4469314,11462062,5511104,3351081,448190.0,887670
Indiana,IN,2008,1033329.0,11340157,808860,5367296,5164001,10865851,5504992,3433093,461943.0,941950
Indiana,IN,2009,1028259.0,12999357,1403839,5804809,5790709,11218398,5548292,3681825,476598.0,899628
Indiana,IN,2010,1026053.0,14023240,1477561,7342841,5202838,11502534,5746633,3696608,492877.0,929416
Indiana,IN,2011,1023220.0,12125155,1024389,7340384,3760382,11113533,5609296,3548729,500684.0,843671
Indiana,IN,2012,1006627.0,12395432,1096902,7462594,3835936,11351906,5659432,3670372,521782.0,894450
Indiana,IN,2013,1002772.0,12236713,980013,7503451,3753249,11211155,5535933,3595471,527250.0,862576
Indiana,IN,2014,1007121.0,12399402,933891,7632238,3833273,11136045,5513142,3641179,526178.0,889924
Indiana,IN,2015,1004215.0,12456571,929878,7676341,3850352,11378564,5537406,3712136,547516.0,948358
Indiana,IN,2016,1002696.0,12732161,954837,7780711,3996613,11535287,5730602,3663349,565820.0,986746
Iowa,IA,2000,497301.0,3822452,217060,1879158,1726234,3974813,1906755,1104075,260900.0,353405
Iowa,IA,2001,495080.0,4068110,239495,1943702,1884913,4211493,1994331,1171278,271596.0,405205
Iowa,IA,2002,485932.0,4191217,273857,1951680,1965680,4418238,2109878,1180608,278099.0,459382
Iowa,IA,2003,482210.0,4374803,304688,1974708,2095407,4517990,2157225,1208401,284796.0,459042
Iowa,IA,2004,481226.0,4396136,353266,1953425,2089445,4443289,2256107,1236810,199965.0,533020
Iowa,IA,2005,478319.0,4638125,363930,2051926,2222269,4599549,2323233,1301312,214893.0,538313
Iowa,IA,2006,483482.0,4898509,397290,2158255,2342964,4930613,2425326,1428006,215683.0,592789
Iowa,IA,2007,483122.0,5194536,390585,2279228,2524723,5198975,2557629,1480218,221002.0,647628
Iowa,IA,2008,485114.0,5496908,391985,2465108,2639815,5495756,2737356,1560614,220771.0,672361
Iowa,IA,2009,487559.0,5732319,431142,2545353,2755824,5732186,2914176,1615189,225983.0,672339
Iowa,IA,2010,491255.0,5744872,728361,2217889,2798622,5941449,2970150,1622316,226336.0,811476
Iowa,IA,2011,493493.0,6098470,596688,2537754,2964028,6057294,2995991,1638449,230237.0,861361
Iowa,IA,2012,495870.0,6262807,512246,2681035,3069526,6256926,3072424,1688512,242935.0,900591
Iowa,IA,2013,499489.0,6281345,459132,3118413,2703800,6318241,3174989,1748683,254025.0,783793
Iowa,IA,2014,501763.0,6455928,455586,3247115,2753227,6541553,3266694,1853835,259833.0,801317
Iowa,IA,2015,505311.0,6714410,458457,3460798,2795155,6772654,3383909,1912222,262267.0,842674
Iowa,IA,2016,508014.0,6919477,464852,3583134,2871491,6972412,3447707,1978260,268349.0,889597
Kansas,KS,2000,469377.0,3518271,221530,2201788,1094953,3327090,1661540,1092448,209338.0,206141
Kansas,KS,2001,468347.0,3681845,238960,2253677,1189208,3491029,1721113,1159966,220701.0,209716
Kansas,KS,2002,470204.0,3823261,282329,2281992,1258940,3690815,1958937,1195259,166405.0,231630
Kansas,KS,2003,470264.0,4068800,311152,2397661,1359987,3818740,2068389,1196089,167265.0,235653
Kansas,KS,2004,469824.0,4377709,339550,2250069,1788090,3982036,2132173,1229634,174522.0,286696
Kansas,KS,2005,468481.0,4223632,356865,2360120,1506647,4076597,2174402,1257432,183824.0,308365
Kansas,KS,2006,467279.0,4648920,340728,2640757,1667435,4439000,2378494,1345794,191458.0,358866
Kansas,KS,2007,468974.0,5038100,346441,2889107,1802552,4823931,2602503,1418802,199749.0,427238
Kansas,KS,2008,467743.0,5378095,344198,3138799,1895098,5122049,2770019,1540862,213301.0,428160
Kansas,KS,2009,470445.0,5615208,378810,3291485,1944913,5827751,2883104,1578417,223951.0,958961
Kansas,KS,2010,471406.0,5454128,673692,2860999,1919437,5979429,2837948,1529158,219287.0,1182167
Kansas,KS,2011,482692.0,5538869,612100,2945175,1981594,5662146,2839803,1530694,220493.0,851777
Kansas,KS,2012,485591.0,5613619,410051,3173205,2030363,5615714,2935226,1569972,235158.0,662722
Kansas,KS,2013,488590.0,5667223,420820,3193838,2052565,5621023,2969201,1595974,243032.0,616590
Kansas,KS,2014,496034.0,5813985,419415,3265012,2129558,5957954,3033016,1657449,246811.0,813093
Kansas,KS,2015,496920.0,5991731,475273,3967809,1548649,6175724,3051755,1692953,250584.0,963767
Kansas,KS,2016,495545.0,6069563,453922,3949517,1666124,6134836,3006786,1685306,249622.0,964098
Kentucky,KY,2000,646467.0,4330089,426956,2612740,1290393,4510972,2345581,1284053,260400.0,515109
Kentucky,KY,2001,643730.0,4536133,446180,2727410,1362543,4350588,2467964,1372283,254444.0,156395
Kentucky,KY,2002,654363.0,4621025,486226,2743882,1390917,4541670,2598897,1424273,277021.0,146218
Kentucky,KY,2003,660782.0,4872025,503734,2904331,1463960,4700494,2688476,1473773,282473.0,127011
Kentucky,KY,2004,663886.0,5135262,607212,2968391,1559659,5259909,2723672,1580235,329243.0,499029
Kentucky,KY,2005,674502.0,5444309,646215,3121503,1676591,5750671,2864633,1660844,336579.0,741433
Kentucky,KY,2006,679621.0,6002056,680251,3439085,1882720,6112978,3082253,1830653,356721.0,686124
Kentucky,KY,2007,646360.0,6226696,677570,3557084,1992042,6351636,3184235,1877438,371495.0,755710
Kentucky,KY,2008,666019.0,6637062,697220,3841470,2098372,6793215,3422359,2027937,402041.0,760566
Kentucky,KY,2009,669858.0,6706922,719997,3870440,2116485,6831006,3468191,2050683,411529.0,720114
Kentucky,KY,2010,679901.0,6881951,1059915,3662243,2159793,7092071,3616584,2117063,416036.0,747498
Kentucky,KY,2011,672958.0,7104589,1164688,3704150,2235751,7253850,3663998,2238626,426989.0,733357
Kentucky,KY,2012,681827.0,7192430,983232,3920971,2288227,7444529,3697663,2320305,448906.0,764062
Kentucky,KY,2013,685009.0,7216175,867735,3960822,2387618,7413896,3663594,2323851,457079.0,729064
Kentucky,KY,2014,686789.0,7229857,825742,3966872,2437243,7346219,3659917,2345545,454067.0,620745
Kentucky,KY,2015,688475.0,7548871,848963,4176753,2523155,7554887,3807748,2417226,468694.0,600859
Kentucky,KY,2016,686440.0,7745928,880296,4269100,2596532,7786281,3917968,2425472,490641.0,736079
Louisiana,LA,2000,750755.0,4785331,556240,2361704,1867387,4807097,2601684,1384760,307212.0,414669
Louisiana,LA,2001,737223.0,4982369,577645,2425436,1979288,4939894,2654239,1457593,316925.0,409235
Louisiana,LA,2002,725027.0,5229238,667687,2536111,2025440,5298267,2882613,1536497,329637.0,443002
Louisiana,LA,2003,723252.0,5478321,739078,2638985,2100258,5515322,3009591,1645457,337709.0,409705
Louisiana,LA,2004,721414.0,5713792,785967,2740918,2186907,5708535,3137090,1743781,343543.0,372374
Louisiana,LA,2005,717625.0,5975074,844640,2787542,2342892,5941561,3264689,1854202,362965.0,350658
Louisiana,LA,2006,648313.0,6780668,1276913,2814302,2689453,6032182,3167501,1962367,338521.0,454736
Louisiana,LA,2007,662302.0,7048732,1234006,2911249,2903477,6657341,3430268,2140586,363037.0,618284
Louisiana,LA,2008,662971.0,7751886,1290154,3376556,3085176,7599993,3879560,2344416,397140.0,787702
Louisiana,LA,2009,662774.0,7984550,1238259,3568903,3177388,8053960,4051985,2542723,408292.0,824390
Louisiana,LA,2010,663802.0,8091029,1549575,3348043,3193411,8125021,4136550,2543542,402190.0,788979
Louisiana,LA,2011,665109.0,8022917,1497262,3269321,3256334,8218870,4162557,2582814,406798.0,809639
Louisiana,LA,2012,665478.0,8477993,1527734,3588546,3361713,8504567,4365583,2793437,433580.0,777379
Louisiana,LA,2013,671156.0,8121179,1229248,3370399,3521532,7940880,3963343,2657751,436167.0,644212
Louisiana,LA,2014,665441.0,8352703,1272004,3455315,3625384,8140649,4026042,2731011,409510.0,706668
Louisiana,LA,2015,661015.0,8448743,1235580,3480365,3732798,8437263,4100906,2774314,416066.0,780338
Louisiana,LA,2016,660561.0,8397136,1021465,3480353,3895318,8248660,4095916,2789031,421043.0,577609
Maine,MN,2000,209012.0,1792390,104497,761317,926576,1842276,1053067,474866,77649.0,143112
Maine,MN,2001,207171.0,1914551,112074,812384,990093,1958646,1118171,513216,79883.0,149225
Maine,MN,2002,205344.0,2041986,141528,853761,1046697,2057022,1180701,548552,78092.0,140092
Maine,MN,2003,203848.0,2162605,163516,874208,1124881,2154117,1255095,569146,79491.0,137716
Maine,MN,2004,201594.0,2228749,190456,870326,1167967,2291174,1304255,590947,87892.0,189418
Maine,MN,2005,198745.0,2324789,197651,895595,1231543,2325138,1355800,620991,96318.0,128520
Maine,MN,2006,195675.0,2381908,201447,947857,1232604,2381439,1376177,660506,101979.0,115871
Maine,MN,2007,193539.0,2538161,198101,1081891,1258169,2501127,1459635,710785,111153.0,91361
Maine,MN,2008,193058.0,2594335,194914,1122001,1277420,2582293,1359995,843451,135557.0,113571
Maine,MN,2009,187372.0,2623127,245063,1107152,1270912,2624504,1383650,857706,148378.0,108016
Maine,MN,2010,187634.0,2721365,320917,1083913,1316535,2680693,1421800,874381,106653.0,157510
Maine,MN,2011,186835.0,2654366,289290,1043281,1321795,2728535,1431522,874220,145034.0,164850
Maine,MN,2012,187247.0,2611056,239982,1012326,1358748,2625759,1376755,887596,108121.0,131394
Maine,MN,2013,184682.0,2650346,196466,1029166,1424714,2535405,1351259,867538,116847.0,70345
Maine,MN,2014,178709.0,2675648,182961,1032280,1460407,2550302,1369822,886844,109348.0,66571
Maine,MN,2015,176176.0,2739589,183883,1060925,1494781,2596180,1406898,910381,109541.0,55686
Maine,MN,2016,179879.0,2845391,185803,1074641,1584947,2706103,1437164,938187,116281.0,95951
Maryland,MD,2000,846582.0,7419047,409021,2804218,4205808,7355698,3874590,2189499,300044.0,760810
Maryland,MD,2001,852920.0,7864290,467001,2928704,4468585,7981362,4172982,2366854,369293.0,813068
Maryland,MD,2002,860640.0,8430663,527311,3133775,4769577,8568446,4482809,2469485,392195.0,941083
Maryland,MD,2003,866743.0,8700979,571108,3317403,4812468,8732518,4738579,2630831,385935.0,674852
Maryland,MD,2004,869113.0,9123493,581542,3436703,5105248,8921938,4963083,2673482,393663.0,581423
Maryland,MD,2005,865561.0,9906219,670998,3729262,5505959,9782665,5154440,2934277,407619.0,947970
Maryland,MD,2006,860021.0,10697117,663284,4189334,5844499,10585292,5535192,3217615,448422.0,1037525
Maryland,MD,2007,851640.0,11674965,661677,4684827,6328461,11541225,6031042,3503877,474728.0,1170502
Maryland,MD,2008,845700.0,13098112,701595,5499326,6897191,12739693,6614339,3878575,500507.0,1358068
Maryland,MD,2009,843781.0,13147931,694846,5697257,6755828,12757599,6899346,3984072,490336.0,961161
Maryland,MD,2010,848252.0,13327770,1004498,5544725,6778547,13205691,7147880,4047487,481151.0,1107922
Maryland,MD,2011,851971.0,13443940,1255964,5508339,6679637,13247697,7205515,4150447,482356.0,989839
Maryland,MD,2012,853778.0,13752912,859635,5980541,6912736,13212140,7140620,4161605,336683.0,1139120
Maryland,MD,2013,859252.0,13814727,828432,6093652,6892643,13284637,7303090,4243954,357919.0,955586
Maryland,MD,2014,865768.0,13982544,816033,6186736,6979775,13712839,7475952,4303895,367048.0,1131199
Maryland,MD,2015,874108.0,14491642,819162,6267624,7404856,13882823,7686024,4358416,386104.0,1050651
Maryland,MD,2016,879196.0,14409321,823599,6334951,7250771,13992191,7779504,4338868,397653.0,1055665
Massachusetts,MA,2000,958907.0,9464271,480898,3926522,5056851,9466363,5624037,2503616,323913.0,533702
Massachusetts,MA,2001,965934.0,10613329,490388,4328575,5794366,10572138,6135199,2711995,338708.0,944333
Massachusetts,MA,2002,959641.0,11217085,600037,4681737,5935311,11507438,6256148,3256542,351743.0,1154305
Massachusetts,MA,2003,967200.0,11591832,712487,4757632,6121713,11382398,6521028,3444135,356389.0,424368
Massachusetts,MA,2004,962488.0,11979937,773841,4726087,6480009,12033345,6883753,3557933,356355.0,570871
Massachusetts,MA,2005,955225.0,12976279,761359,5434971,6779949,12726283,7203922,3750687,391078.0,803602
Massachusetts,MA,2006,949951.0,14160242,749362,6175593,7235287,13503621,7613569,3989906,413514.0,904979
Massachusetts,MA,2007,945070.0,14407777,754202,6485380,7168195,14315518,8053653,4248353,422102.0,951016
Massachusetts,MA,2008,937677.0,14633578,742093,6114211,7777274,14631545,8479345,4447719,441653.0,655884
Massachusetts,MA,2009,932437.0,15298022,1181681,5974489,8141852,15174814,8885949,4626112,456737.0,589413
Massachusetts,MA,2010,929569.0,14919763,1092892,5742989,8083882,14857823,8479433,4512401,442057.0,807802
Massachusetts,MA,2011,924903.0,15396681,1197383,5783240,8416058,15150898,8685894,4583586,445972.0,817228
Massachusetts,MA,2012,922683.0,15763456,979175,6200945,8583336,15696061,8801567,4642633,467588.0,1159931
Massachusetts,MA,2013,920968.0,16114783,818054,6428534,8868195,16201905,9097982,4759997,467050.0,1283156
Massachusetts,MA,2014,920558.0,16609204,791029,6587492,9230683,16518383,9407351,4969348,488065.0,1028761
Massachusetts,MA,2015,916130.0,16985185,778939,6808436,9397810,16972319,9774884,5043032,497880.0,1034539
Massachusetts,MA,2016,921029.0,17484704,765043,6770086,9949575,17037880,9991819,4970289,504388.0,945525
Michigan,MI,2000,1700074.0,15939477,1030238,9942275,4966964,16580526,7709336,5109653,742727.0,1866666
Michigan,MI,2001,1705088.0,16772419,1090642,10480592,5201185,17573761,8136476,5430837,795607.0,2007947
Michigan,MI,2002,1724961.0,18055855,1254550,11203813,5597492,18881772,8402799,5841256,862090.0,2353031
Michigan,MI,2003,1764327.0,18488359,1357006,11227903,5903450,19680370,8725075,6144707,844762.0,2453532
Michigan,MI,2004,1738976.0,18663799,1425832,11129404,6108563,20060708,9094564,6332029,828829.0,2127866
Michigan,MI,2005,1721351.0,19106382,1513264,10990030,6603088,20489512,9269314,6479470,841610.0,1937442
Michigan,MI,2006,1714416.0,19714584,1524718,11172247,7017619,20626758,9400832,6627833,872945.0,1842154
Michigan,MI,2007,1686473.0,20576110,1541818,11383198,7651094,19839838,9608836,6721838,871870.0,1629007
Michigan,MI,2008,1661936.0,20441973,1492685,11170772,7778516,20703780,9608877,6735708,896352.0,1375044
Michigan,MI,2009,1537515.0,19616665,2094714,10130740,7391211,19992550,9422685,6354021,865858.0,1280455
Michigan,MI,2010,1510716.0,19393461,2383817,9694417,7315227,19967017,9457233,6228939,879325.0,1201729
Michigan,MI,2011,1455966.0,19374026,2525528,9845508,7002990,18469948,9198775,6024406,862583.0,1273466
Michigan,MI,2012,1421312.0,18622316,1866406,9796808,6959102,18063824,9070480,5802009,862829.0,1200582
Michigan,MI,2013,1381167.0,18270327,1636324,9882361,6751642,17468264,8885537,5675448,848456.0,962506
Michigan,MI,2014,1363533.0,18457253,1563397,10073758,6820098,17358365,8858564,5735894,831071.0,856907
Michigan,MI,2015,1345009.0,19025996,1582706,10510346,6932944,17742903,9040821,5839572,831874.0,967476
Michigan,MI,2016,1335713.0,19416061,1552824,10727785,7135452,18001445,9113469,5899097,847846.0,1062838
Minnesota,MN,2000,839839.0,7344747,330914,4265438,2748395,7736391,3825732,1942294,531329.0,901829
Minnesota,MN,2001,836386.0,7836617,350797,4694722,2791098,8221636,3981906,2112589,569072.0,964810
Minnesota,MN,2002,832265.0,8065042,409915,4771002,2884125,8716123,4113812,2071915,595228.0,1283085
Minnesota,MN,2003,825674.0,8484497,463746,6064474,1956277,8938770,4318736,2130933,613899.0,1204124
Minnesota,MN,2004,822245.0,8688315,507014,6019336,2161965,8963393,4506036,2087673,653077.0,1039748
Minnesota,MN,2005,814660.0,8777363,529037,5912340,2335986,9082593,4637773,2157574,646632.0,937357
Minnesota,MN,2006,812040.0,9314477,558287,6368364,2387826,9671933,4818788,2317030,697359.0,1063443
Minnesota,MN,2007,810104.0,9693509,546297,6267386,2879826,10030105,5048143,2405182,730882.0,1074228
Minnesota,MN,2008,807929.0,10118118,558886,6513673,3045559,10462624,5242058,2589268,768142.0,1136550
Minnesota,MN,2009,800831.0,10353784,575703,6590788,3187293,11193640,5815987,2712430,803017.0,1187008
Minnesota,MN,2010,799615.0,10383935,1245368,5978487,3160080,10564774,5676045,2504618,795088.0,949938
Minnesota,MN,2011,798891.0,10912368,842906,6289912,3779550,10612480,5644771,2520057,805204.0,1016875
Minnesota,MN,2012,799736.0,10681609,740098,6642440,3299071,10696348,5672620,2555775,826218.0,1034162
Minnesota,MN,2013,802454.0,10848720,646542,6792440,3409738,10942019,5826404,2652321,850969.0,1016760
Minnesota,MN,2014,804580.0,11168633,630445,7603409,2934779,11300786,5986788,2803239,880403.0,1069928
Minnesota,MN,2015,807044.0,11684249,629909,7567199,3487141,11969872,6257807,2933999,893322.0,1328863
Minnesota,MN,2016,811157.0,12186135,634332,7887346,3664457,12848946,6548885,3016934,954208.0,1743709
Mississippi,MS,2000,499362.0,2743284,368830,1504225,870229,2996474,1524728,810371,183118.0,421075
Mississippi,MS,2001,496513.0,2823151,385896,1519788,917467,2930393,1548979,847817,190656.0,282202
Mississippi,MS,2002,492198.0,3029559,438583,1639832,951144,3026111,1586661,875637,196509.0,299474
Mississippi,MS,2003,491623.0,3260771,482904,1754451,1023416,3205193,1702193,965269,203597.0,267397
Mississippi,MS,2004,492557.0,3481643,516520,1907476,1057647,3473928,1831472,1035599,216747.0,322751
Mississippi,MS,2005,494382.0,3639643,552628,1958500,1128515,3610904,1935459,1096574,231190.0,281713
Mississippi,MS,2006,493952.0,4279581,856762,2108733,1314086,4066036,2096028,1244115,243110.0,413302
Mississippi,MS,2007,494135.0,4220926,712846,2214700,1293380,4158733,2160396,1296685,251539.0,379581
Mississippi,MS,2008,493302.0,4449009,708253,2389484,1351272,4363308,2286231,1364586,264883.0,377201
Mississippi,MS,2009,491194.0,4392101,675576,2334363,1382162,4552756,2317710,1392119,275915.0,493773
Mississippi,MS,2010,491651.0,4466377,945973,2109089,1411315,4504257,2337184,1399684,273024.0,421984
Mississippi,MS,2011,490526.0,4516742,1006465,2071467,1438810,4345783,2238165,1393211,274243.0,368906
Mississippi,MS,2012,490619.0,4477828,795110,2195720,1486998,4423270,2291333,1449935,281636.0,329375
Mississippi,MS,2013,492847.0,4444064,707522,2213501,1523041,4370050,2274357,1465175,284089.0,285801
Mississippi,MS,2014,492421.0,4480105,664697,2243098,1572310,4463078,2279076,1521319,287150.0,316494
Mississippi,MS,2015,490189.0,4592343,672366,2324855,1595122,4624539,2350872,1525340,285117.0,407791
Mississippi,MS,2016,486245.0,4755399,690724,2411621,1653054,4631356,2407637,1551274,287245.0,335067
Missouri,MO,2000,913517.0,6675260,437898,3097822,3139540,6708608,3459281,1913563,374060.0,756817
Missouri,MO,2001,911673.0,7081783,464119,3272289,3345375,7100685,3659465,2100767,402233.0,715516
Missouri,MO,2002,909918.0,7455539,544538,3347137,3563864,7636924,3901665,2224948,432144.0,828732
Missouri,MO,2003,921625.0,7622601,559732,3430809,3632060,7905481,4087984,2334521,448752.0,767068
Missouri,MO,2004,914055.0,7893957,620282,3460158,3813517,7896438,4061388,2357707,449882.0,739399
Missouri,MO,2005,902659.0,8340865,694008,3640728,4006129,8170965,4224716,2452665,457530.0,708726
Missouri,MO,2006,913765.0,8846493,740742,3830104,4275647,8654672,4483151,2619786,467463.0,758141
Missouri,MO,2007,910142.0,8908844,730811,3641310,4536723,9245525,4743390,2738098,485391.0,925265
Missouri,MO,2008,898350.0,9335599,723460,3808601,4803538,9900419,5004354,2939293,518600.0,1070552
Missouri,MO,2009,893807.0,9472520,758650,3927189,4786681,10227305,5175127,3023041,535977.0,1120105
Missouri,MO,2010,897348.0,9587703,1430854,3471772,4685077,10139784,5237387,3043213,549680.0,926566
Missouri,MO,2011,896702.0,9915356,1344755,3828396,4742205,9842505,5100879,2975252,531640.0,849819
Missouri,MO,2012,893221.0,10022622,994192,4115324,4913106,9910617,5056789,2994397,553027.0,891474
Missouri,MO,2013,897224.0,10103589,894168,4235564,4973857,10001763,5139610,3082015,566933.0,833040
Missouri,MO,2014,892992.0,10256615,895743,4267069,5093803,10324249,5243167,3183894,577580.0,919482
Missouri,MO,2015,892779.0,10623391,948600,4441091,5233700,10540353,5387766,3266781,615166.0,869078
Missouri,MO,2016,891554.0,10893231,924655,4568867,5399709,10719882,5488433,3298811,630287.0,890008
Montana,MT,2000,157381.0,1104935,130928,487115,486892,1051768,613132,327975,41385.0,57419
Montana,MT,2001,154700.0,1139959,128783,537866,473310,1129098,638218,354844,44456.0,73732
Montana,MT,2002,151751.0,1168799,151981,554360,462458,1163960,662030,361751,47877.0,70448
Montana,MT,2003,149801.0,1205602,171819,553269,480514,1214879,687104,384824,48570.0,75983
Montana,MT,2004,148168.0,1270790,191840,560584,518366,1241417,703730,400634,51163.0,64150
Montana,MT,2005,146552.0,1293070,191687,578321,523062,1268328,721019,412180,53055.0,59998
Montana,MT,2006,145259.0,1375638,190226,626958,558454,1377599,753664,442662,56642.0,97873
Montana,MT,2007,144258.0,1474306,190631,702476,581199,1442434,793711,463422,58824.0,100592
Montana,MT,2008,142695.0,1562815,185898,766328,610589,1557678,831718,491537,62756.0,141860
Montana,MT,2009,141782.0,1607935,195705,765177,647053,1622485,855803,509899,66973.0,158151
Montana,MT,2010,141693.0,1623971,256049,744931,622991,1642886,895727,531730,68814.0,110195
Montana,MT,2011,141529.0,1631810,264517,713642,653651,1655584,902615,540180,72488.0,103728
Montana,MT,2012,142237.0,1628318,214164,761029,653125,1652537,888206,536815,73808.0,117001
Montana,MT,2013,142797.0,1671053,210593,788329,672131,1679521,907018,545326,74629.0,111496
Montana,MT,2014,144034.0,1729712,201528,822788,705396,1754324,949120,570780,77193.0,121753
Montana,MT,2015,144447.0,1804339,214980,851068,738291,1804841,940488,581694,80426.0,160885
Montana,MT,2016,145240.0,1800909,220340,840804,739765,1879789,973199,599074,85351.0,179414
Nebraska,NE,2000,287566.0,2263952,152143,812998,1298811,2165529,1188826,570910,94639.0,243866
Nebraska,NE,2001,285331.0,2355374,166068,806280,1383026,2344564,1256013,634842,100439.0,278832
Nebraska,NE,2002,283789.0,2528312,199359,879775,1449178,2562812,1338653,667614,107557.0,365430
Nebraska,NE,2003,283934.0,2600831,225861,878715,1496255,2623966,1414919,683210,112145.0,329746
Nebraska,NE,2004,284170.0,2734724,240120,874804,1619800,2667987,1471641,712199,109956.0,296377
Nebraska,NE,2005,284553.0,2895640,295968,878576,1721096,2708776,1487488,751435,127968.0,264339
Nebraska,NE,2006,285547.0,3107061,301764,948001,1857296,2867250,1570629,805633,128776.0,280954
Nebraska,NE,2007,287135.0,3234014,298196,992032,1943786,3117931,1673992,845739,131267.0,378827
Nebraska,NE,2008,290912.0,3383157,321975,1091160,1970022,3325663,1784350,869629,135025.0,444442
Nebraska,NE,2009,292161.0,3522481,297732,1182776,2041973,3523803,1887427,905681,144995.0,488293
Nebraska,NE,2010,294948.0,3720560,465728,1184996,2069836,3640199,2089854,927065,152158.0,371348
Nebraska,NE,2011,297659.0,3879388,571969,1153077,2154342,3676326,2101943,951912,171112.0,349683
Nebraska,NE,2012,300941.0,3764056,366016,1166374,2231666,3880517,2247992,984922,165408.0,374671
Nebraska,NE,2013,303242.0,3870164,366241,1217306,2286617,3913038,2318463,1026626,168033.0,298231
Nebraska,NE,2014,307398.0,4005091,318179,1283012,2403900,4008633,2371149,1059275,175887.0,307828
Nebraska,NE,2015,312281.0,4248695,344382,1350116,2554197,4283846,2446701,1102622,183067.0,449287
Nebraska,NE,2016,315542.0,4398811,346826,1437048,2614937,4640422,2526973,1149107,206577.0,641968
Nevada,NV,2000,325610.0,2252416,110210,1378678,763528,2437438,1114489,695694,69965.0,428541
Nevada,NV,2001,339451.0,2381897,118318,1438406,825173,2692840,1171360,734647,76426.0,575873
Nevada,NV,2002,354869.0,2592064,152525,1582993,856546,2913023,1343669,738868,87437.0,604874
Nevada,NV,2003,369498.0,2778564,191839,1663026,923699,3009028,1406660,767835,88985.0,576610
Nevada,NV,2004,385414.0,3069531,221488,1850655,997388,3228619,1544881,839920,99050.0,574726
Nevada,NV,2005,399727.0,3381646,251421,1996995,1133230,3483540,1665706,926213,115483.0,584219
Nevada,NV,2006,412747.0,3691628,258814,2137351,1295463,4022979,1840698,1088646,119224.0,760380
Nevada,NV,2007,422782.0,4006081,277849,2266751,1461481,4346371,2047045,1216122,139918.0,731227
Nevada,NV,2008,428776.0,4338601,280898,2493641,1564062,4881218,2094491,1329327,150730.0,1058467
Nevada,NV,2009,430985.0,4442101,425133,2272415,1744553,4577881,2145779,1364083,142194.0,633545
Nevada,NV,2010,423859.0,4262471,358496,2341891,1562084,4260869,2117135,1359161,142848.0,381094
Nevada,NV,2011,429610.0,4146577,447002,2359671,1339904,4258855,2161550,1377125,149940.0,323746
Nevada,NV,2012,428526.0,4053945,403548,2401035,1249362,4109706,2049362,1336995,159943.0,321145
Nevada,NV,2013,431776.0,4131800,392009,2556472,1183319,4057443,2058538,1396907,166814.0,222161
Nevada,NV,2014,435765.0,4203255,381596,2651854,1169805,4043820,2104452,1413964,170754.0,161354
Nevada,NV,2015,438948.0,4345419,395630,2744606,1205183,4183085,2170424,1459504,174388.0,205794
Nevada,NV,2016,441623.0,4482886,401323,2816911,1264652,4374249,2288790,1505591,184055.0,224494
New Hampshire,NH,2000,203178.0,1586869,54657,865318,666894,1640395,902062,445733,49746.0,130011
New Hampshire,NH,2001,204721.0,1757828,76689,884225,796914,1796043,937479,486152,53143.0,166814
New Hampshire,NH,2002,203072.0,1887115,85440,943592,858083,1956047,1047490,523976,57559.0,186830
New Hampshire,NH,2003,203702.0,2028602,101294,957471,969837,2122604,1119824,570036,60830.0,214807
New Hampshire,NH,2004,203359.0,2194562,119354,968313,1106895,2236010,1195488,607041,64575.0,199297
New Hampshire,NH,2005,202223.0,2332695,125956,878957,1327782,2333264,1261140,651058,65668.0,163780
New Hampshire,NH,2006,201044.0,2459051,130088,925677,1403286,2494247,1332640,696005,68406.0,201565
New Hampshire,NH,2007,198625.0,2600123,137058,936882,1526183,2608190,1395619,733978,70608.0,208008
New Hampshire,NH,2008,195668.0,2715463,136012,1008333,1571118,2715961,1495009,783298,74069.0,163893
New Hampshire,NH,2009,197024.0,2816162,146867,1002239,1667056,2757401,1546316,822081,74820.0,112359
New Hampshire,NH,2010,196648.0,2906573,185175,1060998,1660400,2856965,1612216,837094,76110.0,131261
New Hampshire,NH,2011,189275.0,2947007,184768,1061011,1701228,3001244,1654129,855476,77384.0,206241
New Hampshire,NH,2012,190778.0,2963221,187243,1029325,1746653,2961684,1654634,868513,78190.0,160056
New Hampshire,NH,2013,187703.0,2976317,163890,1020089,1792338,2878534,1642945,879507,76488.0,72588
New Hampshire,NH,2014,184846.0,3042994,161989,1003995,1877010,2960615,1682021,913353,75750.0,87603
New Hampshire,NH,2015,183039.0,3093061,164905,1000063,1928093,3044720,1697165,938368,75581.0,125475
New Hampshire,NH,2016,179682.0,3150473,169166,1004753,1976554,3124778,1743022,959654,76229.0,137180
New Jersey,NJ,2000,1279542.0,15651060,578978,6093162,8978920,15907248,8244717,5041897,568802.0,1320024
New Jersey,NJ,2001,1301195.0,16854895,620507,6617681,9616707,17144456,8782754,5499870,610241.0,1466889
New Jersey,NJ,2002,1326196.0,18071365,720470,7336383,10014512,18155147,9328162,5983500,611449.0,1406121
New Jersey,NJ,2003,1350330.0,19785039,797717,8135014,10852308,19812932,10169992,6429003,677268.0,1626453
New Jersey,NJ,2004,1363189.0,21398391,893414,8779155,11725822,21467607,10880932,6888193,744615.0,1970698
New Jersey,NJ,2005,1368959.0,23026334,937945,9340953,12747436,23023365,11575456,7408034,817943.0,2179605
New Jersey,NJ,2006,1371155.0,23915685,982557,9540387,13392741,24177714,12309954,7892051,837293.0,2033738
New Jersey,NJ,2007,1363804.0,25293076,991769,10101279,14200028,25572112,13250745,8316185,868012.0,1997462
New Jersey,NJ,2008,1353191.0,25916004,976009,10359646,14580349,26168480,13739017,8737387,899413.0,1625458
New Jersey,NJ,2009,1354912.0,26510413,1014556,10401527,15094330,26145334,13800343,8687138,952796.0,1499241
New Jersey,NJ,2010,1369553.0,26676217,2386865,9059511,15229841,26736651,14481471,8958765,962529.0,1154089
New Jersey,NJ,2011,1399409.0,26242376,1283994,9331426,15626956,25716298,14113108,8634990,909456.0,917304
New Jersey,NJ,2012,1330300.0,27574528,1371038,10401941,15801549,26432652,14491817,8921990,943029.0,940577
New Jersey,NJ,2013,1338657.0,28070096,1145079,10986132,15938885,28179900,15489942,9131634,1218744.0,933676
New Jersey,NJ,2014,1335350.0,28454548,1142878,11047025,16264645,27742203,14956606,9205196,1273398.0,895858
New Jersey,NJ,2015,1339230.0,29335237,1154004,11423305,16757928,28809725,15339450,9414336,1271558.0,1290946
New Jersey,NJ,2016,1364473.0,30012666,1187430,11681799,17143437,29665476,15831343,9549742,1375737.0,1414861
New Mexico,NM,2000,324489.0,2191695,296222,1571088,324385,2165031,1048533,727644,101479.0,255735
New Mexico,NM,2001,319524.0,2373143,327191,1691663,354289,2315182,1096488,761848,114558.0,308741
New Mexico,NM,2002,317548.0,2537261,352892,1832491,351878,2542682,1195658,814180,123712.0,373224
New Mexico,NM,2003,320264.0,2626262,383513,1905419,337330,2658140,1239571,851701,131177.0,399406
New Mexico,NM,2004,323066.0,2855893,492102,1989564,374227,2882631,1340535,913532,140297.0,443894
New Mexico,NM,2005,326102.0,2982991,480888,2102670,399433,3011696,1395996,955266,149000.0,466166
New Mexico,NM,2006,326761.0,3094036,446994,2197044,449998,3099738,1500318,1016791,153346.0,385590
New Mexico,NM,2007,327816.0,3272953,444466,2360542,467945,3279467,1610295,1103097,119933.0,396529
New Mexico,NM,2008,329045.0,3569311,467492,2542639,559180,3599724,1732652,1129277,125528.0,569550
New Mexico,NM,2009,328737.0,3703477,519973,2615320,568184,3945515,1807514,1167618,132017.0,784529
New Mexico,NM,2010,331436.0,3638606,753816,2307843,576947,3814058,1800983,1178045,135042.0,634137
New Mexico,NM,2011,331373.0,3591330,636436,2355210,599684,3694437,1744548,1124390,140296.0,616478
New Mexico,NM,2012,328690.0,3478709,491732,2380982,605995,3616691,1688871,1097238,142740.0,615427
New Mexico,NM,2013,327209.0,3518621,519318,2401884,597419,3536546,1709797,1096508,145330.0,514077
New Mexico,NM,2014,326637.0,3601387,466320,2505492,629575,3576216,1709599,1088329,147184.0,562323
New Mexico,NM,2015,326297.0,3789651,499789,2595682,694180,3846641,1773801,1256303,154435.0,587243
New Mexico,NM,2016,319861.0,3765069,506995,2591444,666630,3729397,1733158,1212080,156882.0,551143
New York,NY,2000,2861478.0,31906526,1938590,13766358,16201578,33683043,19856637,8377510,1057876.0,3266115
New York,NY,2001,2856277.0,34373567,1912495,16032781,16428291,38062603,22052316,9100764,1157116.0,4579196
New York,NY,2002,2846068.0,35748163,2206496,17337735,16203932,39585780,23167459,9379511,1183476.0,4809068
New York,NY,2003,2879228.0,38033080,2591430,17509618,17932032,41603390,24786376,10000845,1156927.0,4489672
New York,NY,2004,2842785.0,40820776,3058888,17705556,20056332,42953568,25761741,10702312,1168325.0,3867760
New York,NY,2005,2816426.0,43936450,3156023,19202847,21577580,45086872,27866708,11303872,1182179.0,3342778
New York,NY,2006,2787366.0,47018793,3340216,20183518,23495059,48359774,29589517,11898562,1264799.0,3970683
New York,NY,2007,2754976.0,50762544,3269310,22845772,24647462,51253984,31465706,12638159,1318628.0,4216048
New York,NY,2008,2727552.0,53147343,3129776,24036865,25980702,54870811,33446544,13610428,1375430.0,4805621
New York,NY,2009,2696688.0,55885116,3197833,25768345,26918938,57851481,35195372,14079990,1415237.0,5463718
New York,NY,2010,2697357.0,55453300,3694050,23111427,28647823,60067253,36628097,14152383,1433218.0,6125749
New York,NY,2011,2677412.0,57753776,5118477,23188002,29447297,59446908,37834196,14460678,1416793.0,4653802
New York,NY,2012,2644029.0,58981073,3769627,23314292,31897154,60216421,38431932,14662331,1490478.0,4094920
New York,NY,2013,2629805.0,59623918,3335657,23632698,32655563,60505950,38756656,14846782,1462376.0,3982327
New York,NY,2014,2619312.0,61337112,3347393,24830862,33158857,62556193,40168920,15381372,1515933.0,4060304
New York,NY,2015,2631532.0,63712218,2869847,25900858,34941513,65094591,41954260,15714795,1540851.0,4536014
New York,NY,2016,2590945.0,66912661,3369803,27437593,36105265,68282026,43964520,15883500,1599317.0,4656189
North Carolina,NC,2000,1261586.0,9064700,622184,5897936,2544580,9275837,4854623,2356589,479183.0,1385226
North Carolina,NC,2001,1277013.0,9670620,661215,6065716,2943689,9807815,5187906,2587298,508494.0,1307270
North Carolina,NC,2002,1296156.0,9701231,777970,5929203,2994058,9882399,5339340,2625671,523333.0,1133555
North Carolina,NC,2003,1314632.0,9907235,888996,5970302,3047937,9989670,5517870,2721749,528694.0,940500
North Carolina,NC,2004,1325707.0,10569600,1019981,6115388,3434231,10263463,5585476,2870473,552701.0,943558
North Carolina,NC,2005,1347177.0,11098165,1116670,6440768,3540727,10917913,6160224,3039968,580213.0,791873
North Carolina,NC,2006,1378306.0,11709885,1184622,6846954,3678309,11725031,6342589,3344466,618610.0,1052527
North Carolina,NC,2007,1416028.0,13063307,1184934,7481148,4397225,12794086,6987589,3582953,642597.0,1166854
North Carolina,NC,2008,1408316.0,13610326,1240410,8009636,4360280,13731201,7229214,3566002,718663.0,1728313
North Carolina,NC,2009,1452064.0,15410564,1377661,8229140,5803763,14868070,7943541,3848021,751609.0,1647148
North Carolina,NC,2010,1444409.0,16621268,1927843,7451302,7242123,14162497,7637844,3873929,705012.0,1192652
North Carolina,NC,2011,1448117.0,14409515,2046954,7488570,4873991,13767024,7566249,3843709,696313.0,980517
North Carolina,NC,2012,1462172.0,12788659,1831015,7648102,3309542,13418244,7521325,3817233,716796.0,728580
North Carolina,NC,2013,1468228.0,12729402,1579889,7891977,3257536,13650536,7681386,3957680,744037.0,653058
North Carolina,NC,2014,1441391.0,13462754,1529624,7849343,4083787,13540706,7573296,4015292,747335.0,609013
North Carolina,NC,2015,1465031.0,13146934,1589570,8172685,3384679,14060699,7960222,4082387,746694.0,698847
North Carolina,NC,2016,1462036.0,13448045,1557900,8287126,3603019,14207389,8060544,4102549,754102.0,912783
North Dakota,ND,2000,112349.0,812982,96940,303132,412910,802768,402602,204117,55808.0,81274
North Dakota,ND,2001,108788.0,818139,102694,301755,413690,814838,419201,218137,58449.0,57760
North Dakota,ND,2002,105936.0,846759,111063,303280,432416,838666,435631,224356,58523.0,57468
North Dakota,ND,2003,103785.0,882913,126023,306647,450243,895278,448720,239435,60008.0,81014
North Dakota,ND,2004,101889.0,925393,134759,336722,453912,957480,481403,249023,62816.0,97116
North Dakota,ND,2005,100413.0,969520,148482,341066,479972,985502,501563,258404,64839.0,88341
North Dakota,ND,2006,98172.0,1008339,151248,348475,508616,1017084,513113,269235,68526.0,92963
North Dakota,ND,2007,96577.0,1045678,150165,355662,539851,1042175,523778,283833,69691.0,90844
North Dakota,ND,2008,94959.0,1104803,145770,383307,575726,1085970,552250,300054,73451.0,88292
North Dakota,ND,2009,94653.0,1150142,160294,407374,582474,1137260,579830,310316,78735.0,95977
North Dakota,ND,2010,94997.0,1308214,277985,552616,477613,1267426,627378,342204,80790.0,142873
North Dakota,ND,2011,96255.0,1309044,186844,630430,491770,1312226,660944,360118,86352.0,124967
North Dakota,ND,2012,97555.0,1345371,160050,658255,527066,1380563,685786,368323,93834.0,160904
North Dakota,ND,2013,101025.0,1405349,145905,685348,574096,1516575,718970,400607,94995.0,224615
North Dakota,ND,2014,103272.0,1568997,155894,901032,512071,1597210,758669,422005,100586.0,239992
North Dakota,ND,2015,106061.0,1644533,158373,942772,543388,1804762,825445,483984,110836.0,303053
North Dakota,ND,2016,108384.0,1788749,155453,985365,647931,1963630,867650,474679,117979.0,412047
Ohio,OH,2000,1822566.0,15327834,843432,6425872,8058530,14909952,7497388,4889221,725617.0,1378528
Ohio,OH,2001,1821546.0,16693845,956899,7088781,8648165,16282257,8001840,5327100,769489.0,1712711
Ohio,OH,2002,1796603.0,17589983,982401,7811620,8795962,17608944,8477091,5665971,784876.0,2128307
Ohio,OH,2003,1803966.0,18018740,1097349,7844992,9076399,18760200,8958790,6097596,800930.0,2324140
Ohio,OH,2004,1797666.0,18878773,1272090,8145107,9461576,19375400,9406363,6384403,811755.0,2139831
Ohio,OH,2005,1778784.0,19746239,1413888,8313858,10018493,19785561,9700668,6526386,830761.0,2046199
Ohio,OH,2006,1769200.0,20957714,1479925,8695982,10781807,20589584,10048571,6796495,852673.0,2177340
Ohio,OH,2007,1758645.0,22142424,1461326,9341723,11339375,21336580,10202242,6930905,876199.0,2595974
Ohio,OH,2008,1743920.0,22746589,1523431,9777048,11446110,21951104,10494471,7164617,896835.0,2568654
Ohio,OH,2009,1729072.0,22779344,1531263,10226228,11021853,22427481,10734314,7347959,929409.0,2552105
Ohio,OH,2010,1669748.0,23247907,2310440,9987732,10949735,22701333,10976072,7468941,923709.0,2451038
Ohio,OH,2011,1655534.0,23488657,2533882,9834235,11120540,23010396,11074360,7570565,935953.0,2494681
Ohio,OH,2012,1630865.0,22799205,2007733,9336277,11455195,22662376,10861218,7524489,924456.0,2416140
Ohio,OH,2013,1613718.0,22536516,1721213,8990516,11824787,22015797,10800145,7376469,916885.0,1998557
Ohio,OH,2014,1601566.0,23297509,1692769,9492461,12112279,21847582,11350255,7111920,898844.0,1546152
Ohio,OH,2015,1600222.0,24378660,1676820,10169760,12532080,22561728,11620080,7324444,922732.0,1750785
Ohio,OH,2016,1595024.0,23766529,1680983,9277802,12807744,23352516,12247509,7357292,956321.0,1854842
Oklahoma,OK,2000,627032.0,3906833,377776,2162799,1366258,3876871,1928222,1226386,387753.0,286261
Oklahoma,OK,2001,623110.0,4257128,419762,2394346,1443020,4288405,2119420,1386368,417849.0,322947
Oklahoma,OK,2002,622115.0,4370415,497834,2345888,1526693,4467944,2193731,1439564,445761.0,341768
Oklahoma,OK,2003,624202.0,4426835,563974,2272785,1590076,4376502,2158574,1402007,453806.0,307213
Oklahoma,OK,2004,625826.0,4622080,593693,2360286,1668101,4400069,2141737,1450284,437723.0,320142
Oklahoma,OK,2005,629145.0,4892548,678448,2440741,1773359,4785987,2303527,1569038,467321.0,397131
Oklahoma,OK,2006,634468.0,5120286,654807,2570987,1894492,5094695,2437935,1677749,492085.0,436567
Oklahoma,OK,2007,639032.0,5491931,650579,2782356,2058996,5505213,2688963,1732136,526547.0,502002
Oklahoma,OK,2008,641682.0,5780151,642088,2957101,2180962,5667749,2773416,1823162,555187.0,459000
Oklahoma,OK,2009,644549.0,6029807,768972,3014993,2245842,5941799,2836912,1895590,577867.0,568720
Oklahoma,OK,2010,653592.0,5778507,768319,2658186,2352002,5971651,2900568,1901671,624330.0,471937
Oklahoma,OK,2011,658163.0,5835133,968529,2741058,2125546,5644988,2866601,1814927,367172.0,510428
Oklahoma,OK,2012,664200.0,5824963,773014,2869071,2182878,5594867,2736786,1898922,385999.0,496119
Oklahoma,OK,2013,671445.0,5878111,715944,2890048,2272119,5796945,2800189,1972011,404107.0,557341
Oklahoma,OK,2014,670069.0,6034336,690122,2983860,2360354,6026661,2833650,2033459,404999.0,687788
Oklahoma,OK,2015,671715.0,6121188,688990,2993050,2439148,6184819,3000894,2041507,414086.0,663768
Oklahoma,OK,2016,672777.0,6103728,689756,2909651,2504321,6184152,3047217,2011100,416151.0,641979
Oregon,OR,2000,542739.0,4369400,268568,2457202,1643630,4398318,2288931,1433944,148604.0,391189
Oregon,OR,2001,544756.0,4561948,327582,2565977,1668389,4715944,2435402,1553819,160650.0,419442
Oregon,OR,2002,549604.0,4772603,395295,2662513,1714795,4980466,2475697,1597299,171505.0,557041
Oregon,OR,2003,552135.0,4592019,407432,2348070,1836517,4978764,2458415,1546156,175667.0,606048
Oregon,OR,2004,549196.0,5086083,460902,2658285,1966896,5393871,2498566,1559219,168704.0,486745
Oregon,OR,2005,550502.0,5022050,498217,2440758,2083075,5597579,2671228,1680005,181133.0,364717
Oregon,OR,2006,556185.0,5429145,516962,2737088,2175095,5386128,2834418,1803634,189427.0,319231
Oregon,OR,2007,559643.0,5648586,526411,2908595,2213580,5634955,2999104,1908603,199410.0,293730
Oregon,OR,2008,562632.0,6107684,515223,3200001,2392460,6407512,3217111,2061901,212339.0,621540
Oregon,OR,2009,560726.0,6158756,656298,3117315,2385143,6715011,3291310,2121378,214699.0,803096
Oregon,OR,2010,560239.0,6219779,813110,2947614,2459055,6398065,3246437,2054025,219391.0,573818
Oregon,OR,2011,559631.0,6112484,848637,2792762,2471085,6317635,3261190,2071303,224903.0,461979
Oregon,OR,2012,566525.0,6124872,550894,3038052,2535926,6314092,3250376,2057965,228474.0,448562
Oregon,OR,2013,564006.0,6077498,471682,3041825,2563991,6228197,3261733,2067538,228499.0,343353
Oregon,OR,2014,566538.0,6621363,521463,3393147,2706753,6453635,3437466,2151154,242975.0,311077
Oregon,OR,2015,570376.0,7111710,577106,3678001,2856603,7011609,3650855,2272382,249968.0,477516
Oregon,OR,2016,574252.0,7418055,582560,3861438,2974057,7501954,3834741,2367410,255562.0,686104
Pennsylvania,PA,2000,1782444.0,17090654,1022578,6163912,9904164,17861852,8818088,4887123,681741.0,1851099
Pennsylvania,PA,2001,1771473.0,17792997,1083862,6305118,10404017,18666522,9182658,5142302,708895.0,1869506
Pennsylvania,PA,2002,1766513.0,18586743,1290818,6637673,10658252,20018554,9673879,5448465,757486.0,2252267
Pennsylvania,PA,2003,1757066.0,19811545,1419644,6912678,11479223,20626459,10151195,5765734,810211.0,1848552
Pennsylvania,PA,2004,1756012.0,21104028,1610741,7196172,12297115,22054811,10695295,6251075,859706.0,1941824
Pennsylvania,PA,2005,1755560.0,22657782,1750988,7667114,13239680,23183924,11284717,6638401,920319.0,1914407
Pennsylvania,PA,2006,1752402.0,23950553,1794419,7973651,14182483,24195122,11675380,7025760,966663.0,2009924
Pennsylvania,PA,2007,1760451.0,25334577,1821479,8593421,14919677,25627083,11994620,7333616,1022492.0,2533079
Pennsylvania,PA,2008,1718588.0,26357235,1868700,9032615,15455920,26597713,12375013,7655651,1095105.0,2537699
Pennsylvania,PA,2009,1687145.0,26755585,1811141,9858461,15085983,27328680,12803821,7637090,1155635.0,2411908
Pennsylvania,PA,2010,1682887.0,27883991,2977089,9430947,15475955,28231191,13442543,7774897,1183764.0,2208448
Pennsylvania,PA,2011,1670854.0,28492510,3371827,9261234,15859449,28810721,13761915,7947108,1207139.0,2189151
Pennsylvania,PA,2012,1644759.0,27881568,2145208,9561500,16174860,27851918,13450420,7682906,1170594.0,1735626
Pennsylvania,PA,2013,1623694.0,28484645,2049113,9764558,16670974,28495118,15456205,7737010,1178563.0,1501024
Pennsylvania,PA,2014,1605292.0,29068069,1812609,10272392,16983068,28620630,15352999,7889064,1163079.0,1566997
Pennsylvania,PA,2015,1589429.0,29967185,1857885,10532452,17576848,29690645,16058338,8196747,1050310.0,1663209
Pennsylvania,PA,2016,1572593.0,31077289,1904293,11181046,17991950,30925177,16717308,8464573,1079198.0,1793713
Rhode Island,RI,2000,155351.0,1464820,81655,610999,772166,1388454,845667,421472,57496.0,30587
Rhode Island,RI,2001,156275.0,1592622,88341,663991,840290,1504125,920848,464571,49573.0,27392
Rhode Island,RI,2002,156624.0,1633707,96488,676371,860848,1600087,964169,484397,56173.0,27003
Rhode Island,RI,2003,157286.0,1728055,109011,713197,905847,1646238,971700,525727,64258.0,31360
Rhode Island,RI,2004,156997.0,1836758,132370,739698,964690,1745707,1034632,561479,68482.0,28171
Rhode Island,RI,2005,153596.0,1903472,145957,747359,1010156,1790591,1023496,616544,74850.0,20070
Rhode Island,RI,2006,150112.0,2004709,149493,797349,1057867,1983578,1120778,690355,80127.0,28706
Rhode Island,RI,2007,147861.0,2100679,165167,817792,1117720,2082332,1177636,731694,85397.0,20234
Rhode Island,RI,2008,143812.0,2173888,164966,836509,1172413,2175172,1229747,765970,88156.0,28023
Rhode Island,RI,2009,141521.0,2179714,206225,765069,1208420,2171376,1224158,773039,90493.0,24161
Rhode Island,RI,2010,141023.0,2207123,247217,736525,1223381,2187163,1238257,758963,89242.0,40673
Rhode Island,RI,2011,139157.0,2212352,234111,768713,1209528,2198940,1260021,736651,93820.0,43726
Rhode Island,RI,2012,137400.0,2208278,204682,779000,1224596,2190431,1272285,727287,95213.0,33633
Rhode Island,RI,2013,136401.0,2282659,193393,841875,1247391,2231413,1265936,765178,96721.0,35089
Rhode Island,RI,2014,135084.0,2313010,186551,867512,1258947,2258076,1277445,782773,92710.0,37897
Rhode Island,RI,2015,134574.0,2367068,184718,908963,1273387,2326473,1322055,792525,90209.0,50889
Rhode Island,RI,2016,133856.0,2401541,175379,940989,1285173,2358654,1340088,811796,90433.0,45441
South Carolina,SC,2000,666780.0,4690418,366587,2420494,1903337,4961392,2426139,1418846,278840.0,716110
South Carolina,SC,2001,676681.0,5437615,430966,2924025,2082624,5492539,2660503,1545738,297845.0,843817
South Carolina,SC,2002,674347.0,5627004,494207,2857497,2275300,5897462,2832106,1620800,315248.0,956612
South Carolina,SC,2003,691736.0,5709707,535356,2761951,2412400,6024747,2888468,1731328,324241.0,865462
South Carolina,SC,2004,696376.0,5961494,616660,2741127,2603707,6138231,2971895,1780063,332280.0,828530
South Carolina,SC,2005,701176.0,6337711,639308,2832245,2866158,6572191,3134658,1903030,342107.0,938347
South Carolina,SC,2006,699027.0,6752813,664113,3023114,3065586,7148083,3310899,2071441,366285.0,1128702
South Carolina,SC,2007,701580.0,7130274,680718,3120416,3329140,7660995,3481608,2157719,384965.0,1290372
South Carolina,SC,2008,710685.0,7743317,693967,3916453,3132897,8167262,3745507,2467160,389371.0,1179283
South Carolina,SC,2009,714290.0,7669733,734602,3654658,3280473,8427391,3854229,2463391,398422.0,1318784
South Carolina,SC,2010,715590.0,7755419,1058473,3377539,3319407,8242553,3797945,2445636,389554.0,1203253
South Carolina,SC,2011,713511.0,7772777,1041572,3338715,3392490,7961448,3689782,2428477,388361.0,1016126
South Carolina,SC,2012,715744.0,7889771,848254,3586738,3454779,7948441,3749691,2489094,408649.0,869025
South Carolina,SC,2013,722249.0,8254462,814137,3819285,3621040,8224795,3933177,2621911,426662.0,853410
South Carolina,SC,2014,729386.0,8417698,812536,3902923,3702239,8452743,4035914,2747427,430577.0,862750
South Carolina,SC,2015,737401.0,8759944,836137,4094766,3829041,8783362,4123140,2893109,447019.0,928112
South Carolina,SC,2016,743320.0,9161667,840786,4262164,4058717,9187299,4274682,3013294,458918.0,1073334
South Dakota,SD,2000,130279.0,868161,105960,302405,459796,898609,443779,245481,36959.0,144296
South Dakota,SD,2001,127986.0,886661,104645,316617,465399,950595,471683,265808,39681.0,143663
South Dakota,SD,2002,127129.0,930874,127130,346086,457658,981977,485846,271549,42634.0,149374
South Dakota,SD,2003,127632.0,965778,148498,328576,488704,993823,499480,295468,42694.0,122247
South Dakota,SD,2004,125156.0,1007135,156117,343216,507802,1012096,521961,306877,44816.0,105677
South Dakota,SD,2005,124862.0,1053504,176738,350316,526450,1059303,539413,316892,46872.0,124727
South Dakota,SD,2006,121718.0,1086433,177452,355719,553262,1052315,552199,334845,48881.0,86227
South Dakota,SD,2007,121158.0,1136570,174096,371645,590829,1096568,573916,335382,50283.0,105370
South Dakota,SD,2008,121606.0,1190917,180925,394721,615271,1172715,609848,351235,61081.0,114678
South Dakota,SD,2009,126624.0,1258876,201889,412798,644189,1273527,645912,379946,56772.0,154459
South Dakota,SD,2010,123555.0,1292742,250554,398601,643587,1281632,660064,382212,57639.0,146273
South Dakota,SD,2011,125613.0,1297661,262395,374648,660618,1350617,661519,390655,59757.0,199636
South Dakota,SD,2012,127726.0,1298723,212615,395054,691054,1296971,649023,379791,63166.0,172398
South Dakota,SD,2013,130296.0,1316613,194731,408009,713873,1332496,663258,390637,64999.0,179586
South Dakota,SD,2014,130653.0,1345549,186216,413544,745789,1355439,696235,413254,68154.0,146035
South Dakota,SD,2015,132836.0,1415149,206853,425614,782682,1464781,709363,426257,70128.0,222592
South Dakota,SD,2016,134045.0,1455737,196644,438629,820464,1475864,730176,440580,78149.0,192504
Tennessee,TN,2000,907222.0,5338531,462000,2429713,2446818,5805181,3166208,1471174,307022.0,743326
Tennessee,TN,2001,895839.0,5560822,494851,2494453,2571518,6165661,3282993,1556508,323329.0,868777
Tennessee,TN,2002,897695.0,5785857,550490,2544653,2690714,6363357,3478604,1624709,328546.0,762594
Tennessee,TN,2003,905050.0,5994756,608447,2648909,2737400,6482671,3621601,1716956,341055.0,635950
Tennessee,TN,2004,911624.0,6349101,692353,2743825,2912923,6738601,3843346,1796619,356397.0,574810
Tennessee,TN,2005,940769.0,6806262,787269,2962151,3056842,7067521,4120045,1907907,378064.0,483208
Tennessee,TN,2006,953514.0,7195519,793477,3097824,3304218,7395357,4248091,1995464,395656.0,573015
Tennessee,TN,2007,978084.0,7617488,805633,3342186,3469669,7817659,4473035,2144367,414587.0,593354
Tennessee,TN,2008,966963.0,8086152,840919,3711646,3533587,8488521,4709467,2373319,451628.0,735501
Tennessee,TN,2009,971484.0,8112895,870374,3800870,3441651,8611178,4809809,2480290,461464.0,652210
Tennessee,TN,2010,971414.0,8405025,1094293,3834174,3476558,8760367,4934044,2516326,467568.0,627390
Tennessee,TN,2011,986382.0,8679893,1272825,3955476,3451592,8961443,4947165,2635217,479721.0,661195
Tennessee,TN,2012,998638.0,8983224,1257953,4017946,3707325,9256522,5151260,2693334,514174.0,671532
Tennessee,TN,2013,992461.0,9008032,1165801,4097627,3744604,9248235,5191269,2780452,534815.0,564756
Tennessee,TN,2014,992583.0,9237782,1095377,4315952,3826453,9432883,5296570,2805578,536241.0,549104
Tennessee,TN,2015,994530.0,9455920,1122775,4385403,3947742,9562527,5343272,2862499,560697.0,553396
Tennessee,TN,2016,999265.0,9585331,1095415,4395757,4094159,9680512,5401812,2915193,569611.0,553997
Texas,TX,2000,3965971.0,28918934,2406972,12471856,14040106,31067935,15018072,8307904,1371714.0,4719976
Texas,TX,2001,4021535.0,30868844,2631160,12688089,15549595,33201450,15916451,9050782,1476787.0,4898465
Texas,TX,2002,4112315.0,32802734,2941562,12930564,16930608,35668486,16826484,9580137,1582967.0,5399775
Texas,TX,2003,4201914.0,35143236,3360082,13675228,18107926,37333674,18009879,10264033,1731131.0,4764154
Texas,TX,2004,4267330.0,36055119,3782724,13201169,19071226,38150452,18291531,10509643,1798316.0,4812152
Texas,TX,2005,4334611.0,37783715,4095588,13017433,20670694,40302144,18950703,10963041,1883727.0,5592231
Texas,TX,2006,4450272.0,41142403,4735208,13503141,22904054,43394244,20299749,11672256,1980118.0,6170544
Texas,TX,2007,4513835.0,44355326,4423644,15952564,23979118,45920825,21061312,12451077,2073350.0,6654163
Texas,TX,2008,4581517.0,46245975,4501845,19923849,21820281,50205827,22845539,13360064,2214832.0,8133118
Texas,TX,2009,4647205.0,48087531,4913841,19708771,23464919,53575273,23895853,13799383,2289408.0,9297597
Texas,TX,2010,4728815.0,50559500,7984614,18899565,23675321,53810244,25097921,14179639,2401640.0,8055742
Texas,TX,2011,4800196.0,51023159,7818075,19623258,23581826,52691826,25155007,14325757,2474232.0,6556210
Texas,TX,2012,4844744.0,49979753,6140296,19801928,24037529,50215314,23902458,13954303,2497013.0,5538370
Texas,TX,2013,4897523.0,49734537,5695947,18873046,25165544,50674724,24226519,14150552,2585417.0,5472152
Texas,TX,2014,4949469.0,52776853,5643178,20510815,26622860,53096761,25364709,14803918,2682490.0,5766846
Texas,TX,2015,5004866.0,55582029,5830972,20967429,28783628,56255791,26745844,15145619,2783770.0,6765205
Texas,TX,2016,5053291.0,58284155,5953348,22004299,30326508,59314884,27862199,15169007,2855527.0,8332612
Utah,UT,2000,477835.0,2546642,189502,1507711,849429,2478420,1355794,596620,192296.0,270172
Utah,UT,2001,477380.0,2741771,228659,1588164,924948,2669621,1438459,653354,200475.0,311553
Utah,UT,2002,480526.0,2865058,238599,1680625,945834,2924051,1534954,683525,200572.0,426219
Utah,UT,2003,483066.0,2875622,263030,1607204,1005388,2957874,1508566,705128,205147.0,469251
Utah,UT,2004,487311.0,2997200,299200,1654191,1043809,3066684,1552853,739158,224631.0,479463
Utah,UT,2005,488055.0,3181279,326400,1729443,1125436,3188018,1632553,771298,241992.0,467720
Utah,UT,2006,496507.0,3381146,342862,1825910,1212374,3371338,1709307,821539,255128.0,504723
Utah,UT,2007,504079.0,3656090,343915,1977900,1334275,3618540,1816456,871613,266481.0,579188
Utah,UT,2008,556314.0,4198001,380907,2363716,1453378,4337917,2068264,948423,289783.0,929772
Utah,UT,2009,532433.0,4238943,535223,2224007,1479713,4419750,2169434,1008636,310325.0,821593
Utah,UT,2010,538676.0,4250259,570301,2171889,1508069,4326951,2117551,1002867,308107.0,786272
Utah,UT,2011,545395.0,4141253,500782,2058112,1582359,4195916,2157337,1018548,315664.0,592949
Utah,UT,2012,553873.0,4217360,426702,2158049,1632609,4330417,2161779,1052249,334499.0,666528
Utah,UT,2013,562315.0,4300793,409774,2235917,1655102,4584624,2361179,1097484,309365.0,698249
Utah,UT,2014,570423.0,4405929,385210,2363055,1657664,4385896,2336613,1139969,302794.0,490911
Utah,UT,2015,573913.0,4705084,400213,2487937,1816934,4537962,2367650,1166728,271400.0,606254
Utah,UT,2016,580215.0,4952923,394060,2533573,2025290,4923657,2591600,1217100,286744.0,707988
Vermont,VT,2000,99609.0,1211370,65052,711259,435059,1193813,555740,283821,29595.0,39112
Vermont,VT,2001,97715.0,1300273,60383,732580,507310,1306513,595191,303287,28777.0,62053
Vermont,VT,2002,96427.0,1387074,68819,766164,552091,1392880,628188,326292,31686.0,65657
Vermont,VT,2003,94901.0,1451171,79956,779124,592091,1440961,662999,345187,32289.0,46411
Vermont,VT,2004,93705.0,1525776,94546,801169,630061,1550157,700068,368208,34203.0,77287
Vermont,VT,2005,92819.0,1628681,95016,1090494,443171,1634534,739981,392627,36577.0,63280
Vermont,VT,2006,90850.0,1725093,102791,1153104,469198,1711762,763591,410862,37607.0,59192
Vermont,VT,2007,89329.0,1836316,97086,1237083,502147,1804519,800453,439237,41603.0,70359
Vermont,VT,2008,87919.0,1888635,94504,1290067,504064,1888133,831132,463215,44089.0,83821
Vermont,VT,2009,86320.0,1683034,102453,1336424,244157,1661019,859433,489015,49100.0,64170
Vermont,VT,2010,87750.0,1749898,173528,1326528,249842,1719870,890606,509650,47578.0,65751
Vermont,VT,2011,86982.0,1686499,106823,1329172,250504,1722515,888388,511825,53418.0,63655
Vermont,VT,2012,87968.0,1754161,124451,1372320,257390,1726321,904254,518561,54031.0,45788
Vermont,VT,2013,89200.0,1817307,114697,1431621,270989,1809138,935593,538854,57026.0,55825
Vermont,VT,2014,87990.0,1895044,102434,1495453,297157,1876197,955495,553032,59714.0,56780
Vermont,VT,2015,85184.0,1996795,105333,1546600,344862,1969415,983532,566649,61871.0,58856
Vermont,VT,2016,87974.0,2112365,111891,1614518,385956,2082696,1013209,583178,56289.0,42911
Virginia,VA,2000,1132673.0,8911426,491873,3761983,4657570,9154676,4823780,2639328,347530.0,1011384
Virginia,VA,2001,1143807.0,9493862,531724,3976620,4985518,9862715,5142049,2865861,378979.0,1113113
Virginia,VA,2002,1162045.0,9914221,624507,4002347,5287367,10209197,5373701,3003921,399357.0,1127185
Virginia,VA,2003,1175458.0,10504167,698716,4087720,5717731,10746679,5661291,3184333,425933.0,1069375
Virginia,VA,2004,1191035.0,11151172,765353,4241483,6144336,11404055,6006830,3400515,456829.0,1125646
Virginia,VA,2005,1203697.0,12182657,826830,4871813,6484014,12385157,6565022,3699703,510204.0,1180309
Virginia,VA,2006,1213616.0,13153845,866982,5126114,7160749,13481336,7024659,3974403,538026.0,1298749
Virginia,VA,2007,1220440.0,14176385,890144,5796043,7490198,14700853,7630837,4338027,573603.0,1473546
Virginia,VA,2008,1230857.0,14768120,897627,5957786,7912707,15236306,8003167,4645375,555074.0,1528769
Virginia,VA,2009,1235064.0,15251481,914507,6317714,8019260,15510318,8194237,4813706,574858.0,1418914
Virginia,VA,2010,1244673.0,14937195,1532041,5489710,7915444,14919831,8049137,4654459,565527.0,1127484
Virginia,VA,2011,1250852.0,14655345,1427301,5351177,7876867,14675815,7861076,4602566,579290.0,1075067
Virginia,VA,2012,1257332.0,14940479,1365551,5564504,8010424,15129464,8123166,4744530,611769.0,1078796
Virginia,VA,2013,1264880.0,15322318,1108879,5874323,8339116,15634918,8445746,4874065,626080.0,1089417
Virginia,VA,2014,1273211.0,15347862,1009659,5994897,8343306,15690444,8464947,4964725,619387.0,1041633
Virginia,VA,2015,1279867.0,15857524,1012205,6240349,8604970,16113212,8755896,5075509,627473.0,1086722
Virginia,VA,2016,1283493.0,16259274,1058146,6297587,8903541,16497520,8944614,5164699,643506.0,1161323
Washington,WA,2000,1003714.0,7620930,543966,4812796,2264168,7811937,3818756,2285577,350703.0,1048059
Washington,WA,2001,1004843.0,7936037,561773,5032514,2341750,8026334,3984476,2330122,367295.0,1028063
Washington,WA,2002,1009200.0,8250593,640386,5194962,2415245,8362656,4182265,2430537,382728.0,1037135
Washington,WA,2003,1014577.0,8565636,702469,5334268,2528899,8802387,4332487,2514359,396084.0,1189781
Washington,WA,2004,1020990.0,8790531,749399,5416352,2624780,9009980,4446860,2579078,407707.0,1217468
Washington,WA,2005,1019925.0,9141383,796450,5588494,2756439,9399603,4629347,2692637,428619.0,1292543
Washington,WA,2006,1031668.0,9679682,801941,5899155,2978586,9915617,4826779,2852334,440909.0,1422488
Washington,WA,2007,1026121.0,10350748,801339,6339782,3209627,10682397,5148806,3028183,463389.0,1624443
Washington,WA,2008,1029576.0,11195224,895642,6932500,3367082,11677666,5561706,3369299,501855.0,1797341
Washington,WA,2009,1035907.0,12025012,1385421,7146416,3493175,12240632,5984072,3464921,509407.0,1818982
Washington,WA,2010,1034735.0,11919090,1400984,6931430,3586676,11820814,5934710,3402730,503236.0,1516372
Washington,WA,2011,1042979.0,11905941,1367629,6758505,3779807,11928408,6007184,3427282,514227.0,1467334
Washington,WA,2012,1044856.0,11955582,1057045,7001110,3897427,12187889,5866729,3735795,524816.0,1552074
Washington,WA,2013,1050901.0,12242231,1042200,7159428,4040603,12097549,5911337,3777476,537261.0,1443002
Washington,WA,2014,1057773.0,13040197,1030232,7833024,4176941,12806300,6267816,4035948,549588.0,1525815
Washington,WA,2015,1072359.0,13709442,1036422,8293812,4379208,13630138,6508964,4510672,546926.0,1601069
Washington,WA,2016,1083973.0,14964364,1097684,9211201,4655479,15253296,7087365,4904575,577606.0,2204059
West Virginia,WV,2000,290982.0,2243151,210082,1365346,667723,2243563,1271988,672003,156775.0,129872
West Virginia,WV,2001,285785.0,2321731,244971,1388046,688714,2310098,1306105,699263,159933.0,131916
West Virginia,WV,2002,282145.0,2413744,258017,1451026,704701,2427316,1346601,710125,163018.0,194544
West Virginia,WV,2003,281591.0,2497707,267470,1519848,710389,2524444,1420396,761887,164473.0,166233
West Virginia,WV,2004,280561.0,2585084,290752,1546921,747411,2603996,1458141,784602,168905.0,181816
West Virginia,WV,2005,279456.0,2701056,329159,1607433,764464,2698703,1524187,852145,174265.0,137026
West Virginia,WV,2006,279788.0,2814536,346628,1649661,818247,2852607,1569685,897874,184320.0,187462
West Virginia,WV,2007,281298.0,2905489,353571,1677212,874706,2983267,1608247,941055,189649.0,228873
West Virginia,WV,2008,281735.0,2965828,320529,1723068,922231,3068910,1667812,945152,190634.0,249687
West Virginia,WV,2009,281908.0,3097212,355325,1793917,947970,3121728,1759397,994305,196984.0,157049
West Virginia,WV,2010,281828.0,3176874,513794,1677745,985335,3484593,1978226,1094980,204402.0,191662
West Virginia,WV,2011,282130.0,3475642,510256,1927726,1037660,3670119,2010407,1160212,211866.0,269242
West Virginia,WV,2012,282088.0,3970941,432223,2014017,1524701,3536971,1893954,1155259,220973.0,245082
West Virginia,WV,2013,282310.0,3486366,383169,2027414,1075783,3488877,1828234,1130079,225073.0,284685
West Virginia,WV,2014,280265.0,3514889,351957,2033948,1128984,3499873,1823665,1147776,222824.0,286099
West Virginia,WV,2015,279565.0,3478401,362959,1979466,1135976,3466981,1819903,1161944,233836.0,232738
West Virginia,WV,2016,276764.0,3391579,358068,1863062,1170449,3366566,1804235,1127255,236487.0,181392
Wisconsin,WI,2000,877165.0,7848352,354829,4292527,3200996,8183251,4225688,2316000,265155.0,958597
Wisconsin,WI,2001,875569.0,8363904,398365,4517924,3447615,8574804,4434212,2495299,280656.0,943973
Wisconsin,WI,2002,875216.0,8624767,450159,4682300,3492308,8863966,4642886,2601068,325160.0,863118
Wisconsin,WI,2003,875390.0,8931497,530014,4838109,3563374,9128279,4844788,2757563,346325.0,733156
Wisconsin,WI,2004,874233.0,9183588,550729,4732025,3900834,9126345,4936038,2846939,361605.0,540870
Wisconsin,WI,2005,869301.0,9584108,565072,4770290,4248746,9433502,5128207,2944041,382137.0,472358
Wisconsin,WI,2006,869596.0,9855692,580810,5066552,4208330,9779642,5290595,3064437,400780.0,545716
Wisconsin,WI,2007,870584.0,10154985,574090,5175386,4405509,9988878,5459295,3147269,420699.0,467948
Wisconsin,WI,2008,867929.0,10619354,629423,5221550,4768381,10545964,5619617,3294291,451721.0,666877
Wisconsin,WI,2009,867035.0,10991081,1258519,4785070,4947492,10880480,5857285,3382519,473295.0,648807
Wisconsin,WI,2010,864898.0,11289720,1115342,4951919,5222459,11116821,5994721,3455651,485711.0,617744
Wisconsin,WI,2011,864251.0,11664303,1002909,5226954,5434440,11440718,6138402,3668777,479352.0,541918
Wisconsin,WI,2012,863314.0,11139967,907311,4786356,5446300,10724377,5631108,3525882,491104.0,449246
Wisconsin,WI,2013,863737.0,11097447,827432,5587013,4683002,10845059,5637545,3551036,496850.0,521352
Wisconsin,WI,2014,865119.0,11330253,830568,5709579,4790106,11255186,5685955,3616770,498431.0,767074
Wisconsin,WI,2015,861813.0,11637376,814385,5869265,4953726,11553677,5723474,3691809,513402.0,894823
Wisconsin,WI,2016,857736.0,11697466,782610,5986763,4928093,11787535,5760418,3691439,508013.0,1082849
Wyoming,WY,2000,91883.0,787323,66085,408356,312882,769923,417424,242832,24899.0,70579
Wyoming,WY,2001,89711.0,804297,69172,403021,332104,787949,426072,254937,24913.0,67913
Wyoming,WY,2002,87897.0,908719,75498,443525,389696,868607,463839,272836,27488.0,92550
Wyoming,WY,2003,85966.0,962240,84308,489199,388733,915515,473447,292271,27608.0,110312
Wyoming,WY,2004,86925.0,974888,95995,507155,371738,953916,483989,303976,28257.0,126574
Wyoming,WY,2005,84146.0,1132160,106484,585789,439887,1033603,510498,324752,29657.0,158464
Wyoming,WY,2006,86155.0,1150345,115937,507178,527230,1146527,571127,362807,34310.0,168214
Wyoming,WY,2007,85034.0,1477891,111051,722364,644476,1390344,661713,428613,42353.0,246698
Wyoming,WY,2008,85991.0,1602514,100207,846239,656068,1517325,703831,449989,43352.0,309892
Wyoming,WY,2009,86971.0,1675761,108333,945765,621663,1658156,744877,482641,47165.0,372507
Wyoming,WY,2010,87379.0,1718605,123942,880916,713747,1696177,787627,504838,49289.0,340678
Wyoming,WY,2011,88165.0,1650621,154955,878979,616687,1656850,825783,528352,52046.0,234408
Wyoming,WY,2012,89994.0,1664983,144728,851896,668359,1670728,845801,540510,53299.0,213245
Wyoming,WY,2013,91533.0,1695967,113501,881114,701352,1675477,846872,546422,52001.0,213920
Wyoming,WY,2014,92732.0,1772633,112709,965213,694711,1775999,865932,555761,50715.0,287977
Wyoming,WY,2015,93867.0,1962874,120290,1116917,725667,1942406,895910,565489,52520.0,409425
Wyoming,WY,2016,94511.0,2044669,123012,1175899,745758,2034229,921494,585700,53570.0,454302
